STARTFONT 2.1
FONT -misc-ThermalSansMono-Medium-R-Normal-Sans-24-240-75-75-c-120-iso10646-1
SIZE 24 72 72
FONTBOUNDINGBOX 24 24 $ 0 -2
STARTPROPERTIES 24
COPYRIGHT "Copyright (C) 2018 Michael Billington, derived from Unifont, Copyright (C) 1998-2017 Roman Czyborra, Paul Hardy, Qianqian Fang, Andrew Miller, Johnnie Weaver, David Corbett, et al. License GPLv2+: GNU GPL version 2 or later <http://gnu.org/licenses/gpl.html> with the GNU Font Embedding Exception."
FONT_VERSION "10.0.07"
FONT_TYPE "Bitmap"
FOUNDRY "GNU"
FAMILY_NAME "Thermal Sans Mono"
WEIGHT_NAME "Medium"
SLANT "R"
SETWIDTH_NAME "Normal"
ADD_STYLE_NAME "Sans Serif"
PIXEL_SIZE 24
POINT_SIZE 240
RESOLUTION_X 72
RESOLUTION_Y 72
SPACING "C"
AVERAGE_WIDTH 120
CHARSET_REGISTRY "ISO10646"
CHARSET_ENCODING "1"
UNDERLINE_POSITION -2
UNDERLINE_THICKNESS 1
CAP_HEIGHT 24
X_HEIGHT 24
FONT_ASCENT 24
FONT_DESCENT 0
DEFAULT_CHAR 65533
ENDPROPERTIES
CHARS 885
STARTCHAR U+0000
ENCODING 0
SWIDTH 500 0
DWIDTH 12 0
BBX 24 24 0 0
BITMAP 
E00007
8300C1
848121
884211
88C231
894251
8A4291
8C4311
884211
848121
8300C1
800001
800001
8300C1
848121
884211
88C231
894251
8A4291
8C4311
884211
848121
8300C1
E00007
ENDCHAR
STARTCHAR U+0001
ENCODING 1
SWIDTH 500 0
DWIDTH 12 0
BBX 24 24 0 0
BITMAP 
E00007
8300C1
848121
884211
88C231
894251
8A4291
8C4311
884211
848121
8300C1
800001
800001
830041
8480C1
884141
88C041
894041
8A4041
8C4041
884041
848041
8301F1
E00007
ENDCHAR
STARTCHAR U+0002
ENCODING 2
SWIDTH 500 0
DWIDTH 12 0
BBX 24 24 0 0
BITMAP 
E00007
8300C1
848121
884211
88C231
894251
8A4291
8C4311
884211
848121
8300C1
800001
800001
8301E1
848211
884211
88C011
894061
8A4081
8C4101
884201
848201
8303F1
E00007
ENDCHAR
STARTCHAR U+0003
ENCODING 3
SWIDTH 500 0
DWIDTH 12 0
BBX 24 24 0 0
BITMAP 
E00007
8300C1
848121
884211
88C231
894251
8A4291
8C4311
884211
848121
8300C1
800001
800001
8301E1
848211
884211
88C011
8940E1
8A4011
8C4011
884211
848211
8301E1
E00007
ENDCHAR
STARTCHAR U+0004
ENCODING 4
SWIDTH 500 0
DWIDTH 12 0
BBX 24 24 0 0
BITMAP 
E00007
8300C1
848121
884211
88C231
894251
8A4291
8C4311
884211
848121
8300C1
800001
800001
830021
848061
8840A1
88C121
894221
8A4221
8C43F1
884021
848021
830021
E00007
ENDCHAR
STARTCHAR U+0005
ENCODING 5
SWIDTH 500 0
DWIDTH 12 0
BBX 24 24 0 0
BITMAP 
E00007
8300C1
848121
884211
88C231
894251
8A4291
8C4311
884211
848121
8300C1
800001
800001
8303F1
848201
884201
88C201
8943E1
8A4011
8C4011
884011
848211
8301E1
E00007
ENDCHAR
STARTCHAR U+0006
ENCODING 6
SWIDTH 500 0
DWIDTH 12 0
BBX 24 24 0 0
BITMAP 
E00007
8300C1
848121
884211
88C231
894251
8A4291
8C4311
884211
848121
8300C1
800001
800001
8300E1
848101
884201
88C201
8943E1
8A4211
8C4211
884211
848211
8301E1
E00007
ENDCHAR
STARTCHAR U+0007
ENCODING 7
SWIDTH 500 0
DWIDTH 12 0
BBX 24 24 0 0
BITMAP 
E00007
8300C1
848121
884211
88C231
894251
8A4291
8C4311
884211
848121
8300C1
800001
800001
8303F1
848011
884011
88C021
894021
8A4021
8C4041
884041
848041
830041
E00007
ENDCHAR
STARTCHAR U+0008
ENCODING 8
SWIDTH 500 0
DWIDTH 12 0
BBX 24 24 0 0
BITMAP 
E00007
8300C1
848121
884211
88C231
894251
8A4291
8C4311
884211
848121
8300C1
800001
800001
8301E1
848211
884211
88C211
8941E1
8A4211
8C4211
884211
848211
8301E1
E00007
ENDCHAR
STARTCHAR U+0009
ENCODING 9
SWIDTH 500 0
DWIDTH 12 0
BBX 24 24 0 0
BITMAP 
E00007
8300C1
848121
884211
88C231
894251
8A4291
8C4311
884211
848121
8300C1
800001
800001
8301E1
848211
884211
88C211
8941F1
8A4011
8C4011
884011
848021
8301C1
E00007
ENDCHAR
STARTCHAR U+000A
ENCODING 10
SWIDTH 500 0
DWIDTH 12 0
BBX 24 24 0 0
BITMAP 
E00007
8300C1
848121
884211
88C231
894251
8A4291
8C4311
884211
848121
8300C1
800001
800001
8300C1
848121
884121
88C211
894211
8A43F1
8C4211
884211
848211
830211
E00007
ENDCHAR
STARTCHAR U+000B
ENCODING 11
SWIDTH 500 0
DWIDTH 12 0
BBX 24 24 0 0
BITMAP 
E00007
8300C1
848121
884211
88C231
894251
8A4291
8C4311
884211
848121
8300C1
800001
800001
8303E1
848211
884211
88C211
8943E1
8A4211
8C4211
884211
848211
8303E1
E00007
ENDCHAR
STARTCHAR U+000C
ENCODING 12
SWIDTH 500 0
DWIDTH 12 0
BBX 24 24 0 0
BITMAP 
E00007
8300C1
848121
884211
88C231
894251
8A4291
8C4311
884211
848121
8300C1
800001
800001
8301E1
848211
884211
88C201
894201
8A4201
8C4201
884211
848211
8301E1
E00007
ENDCHAR
STARTCHAR U+000D
ENCODING 13
SWIDTH 500 0
DWIDTH 12 0
BBX 24 24 0 0
BITMAP 
E00007
8300C1
848121
884211
88C231
894251
8A4291
8C4311
884211
848121
8300C1
800001
800001
8303C1
848221
884211
88C211
894211
8A4211
8C4211
884211
848221
8303C1
E00007
ENDCHAR
STARTCHAR U+000E
ENCODING 14
SWIDTH 500 0
DWIDTH 12 0
BBX 24 24 0 0
BITMAP 
E00007
8300C1
848121
884211
88C231
894251
8A4291
8C4311
884211
848121
8300C1
800001
800001
8303F1
848201
884201
88C201
8943E1
8A4201
8C4201
884201
848201
8303F1
E00007
ENDCHAR
STARTCHAR U+000F
ENCODING 15
SWIDTH 500 0
DWIDTH 12 0
BBX 24 24 0 0
BITMAP 
E00007
8300C1
848121
884211
88C231
894251
8A4291
8C4311
884211
848121
8300C1
800001
800001
8303F1
848201
884201
88C201
8943E1
8A4201
8C4201
884201
848201
830201
E00007
ENDCHAR
STARTCHAR U+0010
ENCODING 16
SWIDTH 500 0
DWIDTH 12 0
BBX 24 24 0 0
BITMAP 
E00007
8300C1
848121
884211
88C231
894251
8A4291
8C4311
884211
848121
8300C1
800001
800001
8100C1
830121
850211
810231
810251
810291
810311
810211
810121
87C0C1
E00007
ENDCHAR
STARTCHAR U+0011
ENCODING 17
SWIDTH 500 0
DWIDTH 12 0
BBX 24 24 0 0
BITMAP 
E00007
8300C1
848121
884211
88C231
894251
8A4291
8C4311
884211
848121
8300C1
800001
800001
810041
8300C1
850141
810041
810041
810041
810041
810041
810041
87C1F1
E00007
ENDCHAR
STARTCHAR U+0012
ENCODING 18
SWIDTH 500 0
DWIDTH 12 0
BBX 24 24 0 0
BITMAP 
E00007
8300C1
848121
884211
88C231
894251
8A4291
8C4311
884211
848121
8300C1
800001
800001
8101E1
830211
850211
810011
810061
810081
810101
810201
810201
87C3F1
E00007
ENDCHAR
STARTCHAR U+0013
ENCODING 19
SWIDTH 500 0
DWIDTH 12 0
BBX 24 24 0 0
BITMAP 
E00007
8300C1
848121
884211
88C231
894251
8A4291
8C4311
884211
848121
8300C1
800001
800001
8101E1
830211
850211
810011
8100E1
810011
810011
810211
810211
87C1E1
E00007
ENDCHAR
STARTCHAR U+0014
ENCODING 20
SWIDTH 500 0
DWIDTH 12 0
BBX 24 24 0 0
BITMAP 
E00007
8300C1
848121
884211
88C231
894251
8A4291
8C4311
884211
848121
8300C1
800001
800001
810021
830061
8500A1
810121
810221
810221
8103F1
810021
810021
87C021
E00007
ENDCHAR
STARTCHAR U+0015
ENCODING 21
SWIDTH 500 0
DWIDTH 12 0
BBX 24 24 0 0
BITMAP 
E00007
8300C1
848121
884211
88C231
894251
8A4291
8C4311
884211
848121
8300C1
800001
800001
8103F1
830201
850201
810201
8103E1
810011
810011
810011
810211
87C1E1
E00007
ENDCHAR
STARTCHAR U+0016
ENCODING 22
SWIDTH 500 0
DWIDTH 12 0
BBX 24 24 0 0
BITMAP 
E00007
8300C1
848121
884211
88C231
894251
8A4291
8C4311
884211
848121
8300C1
800001
800001
8100E1
830101
850201
810201
8103E1
810211
810211
810211
810211
87C1E1
E00007
ENDCHAR
STARTCHAR U+0017
ENCODING 23
SWIDTH 500 0
DWIDTH 12 0
BBX 24 24 0 0
BITMAP 
E00007
8300C1
848121
884211
88C231
894251
8A4291
8C4311
884211
848121
8300C1
800001
800001
8103F1
830011
850011
810021
810021
810021
810041
810041
810041
87C041
E00007
ENDCHAR
STARTCHAR U+0018
ENCODING 24
SWIDTH 500 0
DWIDTH 12 0
BBX 24 24 0 0
BITMAP 
E00007
8300C1
848121
884211
88C231
894251
8A4291
8C4311
884211
848121
8300C1
800001
800001
8101E1
830211
850211
810211
8101E1
810211
810211
810211
810211
87C1E1
E00007
ENDCHAR
STARTCHAR U+0019
ENCODING 25
SWIDTH 500 0
DWIDTH 12 0
BBX 24 24 0 0
BITMAP 
E00007
8300C1
848121
884211
88C231
894251
8A4291
8C4311
884211
848121
8300C1
800001
800001
8101E1
830211
850211
810211
8101F1
810011
810011
810011
810021
87C1C1
E00007
ENDCHAR
STARTCHAR U+001A
ENCODING 26
SWIDTH 500 0
DWIDTH 12 0
BBX 24 24 0 0
BITMAP 
E00007
8300C1
848121
884211
88C231
894251
8A4291
8C4311
884211
848121
8300C1
800001
800001
8100C1
830121
850121
810211
810211
8103F1
810211
810211
810211
87C211
E00007
ENDCHAR
STARTCHAR U+001B
ENCODING 27
SWIDTH 500 0
DWIDTH 12 0
BBX 24 24 0 0
BITMAP 
E00007
8300C1
848121
884211
88C231
894251
8A4291
8C4311
884211
848121
8300C1
800001
800001
8103E1
830211
850211
810211
8103E1
810211
810211
810211
810211
87C3E1
E00007
ENDCHAR
STARTCHAR U+001C
ENCODING 28
SWIDTH 500 0
DWIDTH 12 0
BBX 24 24 0 0
BITMAP 
E00007
8300C1
848121
884211
88C231
894251
8A4291
8C4311
884211
848121
8300C1
800001
800001
8101E1
830211
850211
810201
810201
810201
810201
810211
810211
87C1E1
E00007
ENDCHAR
STARTCHAR U+001D
ENCODING 29
SWIDTH 500 0
DWIDTH 12 0
BBX 24 24 0 0
BITMAP 
E00007
8300C1
848121
884211
88C231
894251
8A4291
8C4311
884211
848121
8300C1
800001
800001
8103C1
830221
850211
810211
810211
810211
810211
810211
810221
87C3C1
E00007
ENDCHAR
STARTCHAR U+001E
ENCODING 30
SWIDTH 500 0
DWIDTH 12 0
BBX 24 24 0 0
BITMAP 
E00007
8300C1
848121
884211
88C231
894251
8A4291
8C4311
884211
848121
8300C1
800001
800001
8103F1
830201
850201
810201
8103E1
810201
810201
810201
810201
87C3F1
E00007
ENDCHAR
STARTCHAR U+001F
ENCODING 31
SWIDTH 500 0
DWIDTH 12 0
BBX 24 24 0 0
BITMAP 
E00007
8300C1
848121
884211
88C231
894251
8A4291
8C4311
884211
848121
8300C1
800001
800001
8103F1
830201
850201
810201
8103E1
810201
810201
810201
810201
87C201
E00007
ENDCHAR
STARTCHAR U+0020
ENCODING 32
SWIDTH 500 0
DWIDTH 12 0
BBX 12 24 0 0
BITMAP 
0000
0000
0000
0000
0000
0000
0000
0000
0000
0000
0000
0000
0000
0000
0000
0000
0000
0000
0000
0000
0000
0000
0000
0000
ENDCHAR
STARTCHAR U+0021
ENCODING 33
SWIDTH 500 0
DWIDTH 12 0
BBX 12 24 0 0
BITMAP 
0000
0C00
0C00
0C00
0C00
0C00
0C00
0C00
0C00
0C00
0C00
0C00
0C00
0C00
0C00
0000
0000
0C00
0C00
0C00
0C00
0000
0000
0000
ENDCHAR
STARTCHAR U+0022
ENCODING 34
SWIDTH 500 0
DWIDTH 12 0
BBX 12 24 0 0
BITMAP 
3180
3180
3180
3180
3180
3180
0000
0000
0000
0000
0000
0000
0000
0000
0000
0000
0000
0000
0000
0000
0000
0000
0000
0000
ENDCHAR
STARTCHAR U+0023
ENCODING 35
SWIDTH 500 0
DWIDTH 12 0
BBX 12 24 0 0
BITMAP 
0000
0000
18C0
18C0
18C0
18C0
38C0
3980
3F80
3F80
3180
3180
6380
7F00
7F00
6700
E300
C700
C600
C600
C600
0000
0000
0000
ENDCHAR
STARTCHAR U+0024
ENCODING 36
SWIDTH 500 0
DWIDTH 12 0
BBX 12 24 0 0
BITMAP 
0000
0C00
1E00
3F00
7F80
EDC0
CCC0
CC40
CC00
EC00
7C00
3E00
1F00
0F80
0DC0
0CC0
0CC0
CCC0
EDC0
7F80
3F00
1E00
0C00
0000
ENDCHAR
STARTCHAR U+0025
ENCODING 37
SWIDTH 500 0
DWIDTH 12 0
BBX 12 24 0 0
BITMAP 
0000
7040
78C0
FDC0
CD80
CF80
E700
7700
3E00
1E00
0C00
0C00
1E00
1F00
3F80
3FC0
7CC0
6EC0
E6C0
C7C0
C380
0000
0000
0000
ENDCHAR
STARTCHAR U+0026
ENCODING 38
SWIDTH 500 0
DWIDTH 12 0
BBX 12 24 0 0
BITMAP 
0000
0000
1E00
3F00
7380
6180
6180
7380
3700
3E00
1E00
1C00
6CC0
E6C0
C6C0
C300
C380
C380
C7C0
FEC0
7CC0
0000
0000
0000
ENDCHAR
STARTCHAR U+0027
ENCODING 39
SWIDTH 500 0
DWIDTH 12 0
BBX 12 24 0 0
BITMAP 
0C00
0C00
0C00
0C00
0C00
0C00
0000
0000
0000
0000
0000
0000
0000
0000
0000
0000
0000
0000
0000
0000
0000
0000
0000
0000
ENDCHAR
STARTCHAR U+0028
ENCODING 40
SWIDTH 500 0
DWIDTH 12 0
BBX 12 24 0 0
BITMAP 
0300
0300
0600
0E00
0C00
1800
3800
3000
3000
3000
3000
3000
3000
3000
3000
3000
3000
3800
1800
1C00
0E00
0600
0700
0300
ENDCHAR
STARTCHAR U+0029
ENCODING 41
SWIDTH 500 0
DWIDTH 12 0
BBX 12 24 0 0
BITMAP 
3000
3800
1800
1C00
0E00
0600
0700
0300
0300
0300
0300
0300
0300
0300
0300
0300
0300
0300
0600
0E00
0C00
1800
3800
3000
ENDCHAR
STARTCHAR U+002A
ENCODING 42
SWIDTH 500 0
DWIDTH 12 0
BBX 12 24 0 0
BITMAP 
0000
0000
0000
0C00
0C00
8C40
CCC0
EDC0
7F80
3F80
3F00
3F00
7F80
EDC0
CCC0
CC40
0C00
0C00
0000
0000
0000
0000
0000
0000
ENDCHAR
STARTCHAR U+002B
ENCODING 43
SWIDTH 500 0
DWIDTH 12 0
BBX 12 24 0 0
BITMAP 
0000
0000
0000
0000
0000
0C00
0C00
0C00
0C00
0C00
0C00
FFC0
FFC0
0C00
0C00
0C00
0C00
0C00
0C00
0000
0000
0000
0000
0000
ENDCHAR
STARTCHAR U+002C
ENCODING 44
SWIDTH 500 0
DWIDTH 12 0
BBX 12 24 0 0
BITMAP 
0000
0000
0000
0000
0000
0000
0000
0000
0000
0000
0000
0000
0000
0000
0000
0000
0000
1E00
1E00
0600
0600
0E00
1E00
1800
ENDCHAR
STARTCHAR U+002D
ENCODING 45
SWIDTH 500 0
DWIDTH 12 0
BBX 12 24 0 0
BITMAP 
0000
0000
0000
0000
0000
0000
0000
0000
0000
0000
0000
7F80
7F80
0000
0000
0000
0000
0000
0000
0000
0000
0000
0000
0000
ENDCHAR
STARTCHAR U+002E
ENCODING 46
SWIDTH 500 0
DWIDTH 12 0
BBX 12 24 0 0
BITMAP 
0000
0000
0000
0000
0000
0000
0000
0000
0000
0000
0000
0000
0000
0000
0000
0000
0000
0E00
0E00
0E00
0E00
0000
0000
0000
ENDCHAR
STARTCHAR U+002F
ENCODING 47
SWIDTH 500 0
DWIDTH 12 0
BBX 12 24 0 0
BITMAP 
0040
00C0
00C0
00C0
01C0
0180
0380
0300
0700
0600
0600
0C00
0C00
1C00
1800
1800
3000
3000
7000
E000
C000
C000
C000
C000
ENDCHAR
STARTCHAR U+0030
ENCODING 48
SWIDTH 500 0
DWIDTH 12 0
BBX 12 24 0 0
BITMAP 
0000
1E00
3F00
3380
7180
E1C0
C0C0
C1C0
C3C0
C7C0
CEC0
DCC0
D8C0
F0C0
F0C0
E0C0
E0C0
61C0
7380
3F00
1E00
0000
0000
0000
ENDCHAR
STARTCHAR U+0031
ENCODING 49
SWIDTH 500 0
DWIDTH 12 0
BBX 12 24 0 0
BITMAP 
0000
0C00
1C00
3C00
7C00
EC00
CC00
0C00
0C00
0C00
0C00
0C00
0C00
0C00
0C00
0C00
0C00
0C00
0C00
FFC0
FFC0
0000
0000
0000
ENDCHAR
STARTCHAR U+0032
ENCODING 50
SWIDTH 500 0
DWIDTH 12 0
BBX 12 24 0 0
BITMAP 
0000
3F80
7F80
E1C0
C0C0
C0C0
C0C0
00C0
00C0
07C0
0F80
1C00
1800
3000
7000
E000
C000
C000
C000
FFC0
FFC0
0000
0000
0000
ENDCHAR
STARTCHAR U+0033
ENCODING 51
SWIDTH 500 0
DWIDTH 12 0
BBX 12 24 0 0
BITMAP 
0000
3F80
7F80
E1C0
C0C0
C0C0
C0C0
00C0
00C0
1F80
1F80
01C0
00C0
00C0
00C0
C0C0
C0C0
C0C0
E0C0
7FC0
7F80
0000
0000
0000
ENDCHAR
STARTCHAR U+0034
ENCODING 52
SWIDTH 500 0
DWIDTH 12 0
BBX 12 24 0 0
BITMAP 
0000
0100
0380
0780
0F80
1F80
3980
3180
7180
E180
C180
C180
C180
FFC0
FFC0
0380
0180
0180
0180
0180
0180
0000
0000
0000
ENDCHAR
STARTCHAR U+0035
ENCODING 53
SWIDTH 500 0
DWIDTH 12 0
BBX 12 24 0 0
BITMAP 
0000
FFC0
FFC0
C000
C000
C000
C000
C000
C000
FF00
FF80
01C0
00C0
00C0
00C0
00C0
00C0
C0C0
E0C0
7FC0
7F80
0000
0000
0000
ENDCHAR
STARTCHAR U+0036
ENCODING 54
SWIDTH 500 0
DWIDTH 12 0
BBX 12 24 0 0
BITMAP 
0000
1F00
3F80
3000
7000
E000
C000
C000
C000
FF00
FF80
C1C0
C0C0
C0C0
C0C0
C0C0
C0C0
C0C0
E0C0
7FC0
7F80
0000
0000
0000
ENDCHAR
STARTCHAR U+0037
ENCODING 55
SWIDTH 500 0
DWIDTH 12 0
BBX 12 24 0 0
BITMAP 
0000
FFC0
FFC0
00C0
00C0
00C0
01C0
0180
0180
0180
0380
0300
0300
0300
0600
0600
0600
0600
0600
0600
0600
0000
0000
0000
ENDCHAR
STARTCHAR U+0038
ENCODING 56
SWIDTH 500 0
DWIDTH 12 0
BBX 12 24 0 0
BITMAP 
0000
3F80
7F80
E1C0
C0C0
C0C0
C0C0
C0C0
E0C0
7F80
7F80
E1C0
C0C0
C0C0
C0C0
C0C0
C0C0
C0C0
E0C0
7FC0
7F80
0000
0000
0000
ENDCHAR
STARTCHAR U+0039
ENCODING 57
SWIDTH 500 0
DWIDTH 12 0
BBX 12 24 0 0
BITMAP 
0000
3F80
7F80
E1C0
C0C0
C0C0
C0C0
C0C0
E0C0
7FC0
3FC0
00C0
00C0
00C0
00C0
00C0
00C0
01C0
0380
3F00
3E00
0000
0000
0000
ENDCHAR
STARTCHAR U+003A
ENCODING 58
SWIDTH 500 0
DWIDTH 12 0
BBX 12 24 0 0
BITMAP 
0000
0000
0000
0000
0000
0000
0000
0E00
0E00
0E00
0E00
0000
0000
0000
0000
0000
0000
0E00
0E00
0E00
0E00
0000
0000
0000
ENDCHAR
STARTCHAR U+003B
ENCODING 59
SWIDTH 500 0
DWIDTH 12 0
BBX 12 24 0 0
BITMAP 
0000
0000
0000
0000
0000
0000
0000
1E00
1E00
1E00
1E00
0000
0000
0000
0000
0000
0C00
1E00
0E00
0600
0600
0E00
1C00
1800
ENDCHAR
STARTCHAR U+003C
ENCODING 60
SWIDTH 500 0
DWIDTH 12 0
BBX 12 24 0 0
BITMAP 
0000
0000
0000
0000
0180
0380
0700
0E00
1C00
3800
7000
E000
F000
7800
1C00
0E00
0700
0380
0180
0000
0000
0000
0000
0000
ENDCHAR
STARTCHAR U+003D
ENCODING 61
SWIDTH 500 0
DWIDTH 12 0
BBX 12 24 0 0
BITMAP 
0000
0000
0000
0000
0000
0000
0000
0000
FFC0
FFC0
0000
0000
0000
0000
FFC0
FFC0
0000
0000
0000
0000
0000
0000
0000
0000
ENDCHAR
STARTCHAR U+003E
ENCODING 62
SWIDTH 500 0
DWIDTH 12 0
BBX 12 24 0 0
BITMAP 
0000
0000
0000
0000
6000
7000
3800
1C00
0E00
0780
03C0
01C0
01C0
0380
0F00
1E00
3800
7000
6000
0000
0000
0000
0000
0000
ENDCHAR
STARTCHAR U+003F
ENCODING 63
SWIDTH 500 0
DWIDTH 12 0
BBX 12 24 0 0
BITMAP 
0000
3F80
7F80
E1C0
C0C0
C0C0
C0C0
00C0
00C0
01C0
0380
0700
0600
0600
0600
0000
0000
0600
0600
0600
0600
0000
0000
0000
ENDCHAR
STARTCHAR U+0040
ENCODING 64
SWIDTH 500 0
DWIDTH 12 0
BBX 12 24 0 0
BITMAP 
0000
1F80
3F80
31C0
70C0
E6C0
CFC0
DFC0
D9C0
D8C0
D8C0
D8C0
D8C0
D8C0
DCC0
CFC0
E7C0
6000
7000
3FC0
1FC0
0000
0000
0000
ENDCHAR
STARTCHAR U+0041
ENCODING 65
SWIDTH 500 0
DWIDTH 12 0
BBX 12 24 0 0
BITMAP 
0000
1E00
1E00
3B00
3380
7180
61C0
C0C0
C0C0
C0C0
C0C0
FFC0
FFC0
C0C0
C0C0
C0C0
C0C0
C0C0
C0C0
C0C0
C0C0
0000
0000
0000
ENDCHAR
STARTCHAR U+0042
ENCODING 66
SWIDTH 500 0
DWIDTH 12 0
BBX 12 24 0 0
BITMAP 
0000
FF80
FF80
C1C0
C0C0
C0C0
C0C0
C0C0
C0C0
FF80
FF80
C1C0
C0C0
C0C0
C0C0
C0C0
C0C0
C0C0
C0C0
FFC0
FF80
0000
0000
0000
ENDCHAR
STARTCHAR U+0043
ENCODING 67
SWIDTH 500 0
DWIDTH 12 0
BBX 12 24 0 0
BITMAP 
0000
3F80
7F80
E1C0
C0C0
C0C0
C0C0
C000
C000
C000
C000
C000
C000
C000
C000
C0C0
C0C0
C0C0
E0C0
7FC0
7F80
0000
0000
0000
ENDCHAR
STARTCHAR U+0044
ENCODING 68
SWIDTH 500 0
DWIDTH 12 0
BBX 12 24 0 0
BITMAP 
0000
FE00
FF00
C380
C180
C1C0
C0C0
C0C0
C0C0
C0C0
C0C0
C0C0
C0C0
C0C0
C0C0
C0C0
C0C0
C1C0
C380
FF00
FE00
0000
0000
0000
ENDCHAR
STARTCHAR U+0045
ENCODING 69
SWIDTH 500 0
DWIDTH 12 0
BBX 12 24 0 0
BITMAP 
0000
FFC0
FFC0
C000
C000
C000
C000
C000
C000
FF00
FF80
C000
C000
C000
C000
C000
C000
C000
C000
FFC0
FFC0
0000
0000
0000
ENDCHAR
STARTCHAR U+0046
ENCODING 70
SWIDTH 500 0
DWIDTH 12 0
BBX 12 24 0 0
BITMAP 
0000
FFC0
FFC0
C000
C000
C000
C000
C000
C000
FF00
FF80
C000
C000
C000
C000
C000
C000
C000
C000
C000
C000
0000
0000
0000
ENDCHAR
STARTCHAR U+0047
ENCODING 71
SWIDTH 500 0
DWIDTH 12 0
BBX 12 24 0 0
BITMAP 
0000
3F80
7F80
E1C0
C0C0
C0C0
C0C0
C000
C000
C000
C000
C7C0
C7C0
C0C0
C0C0
C0C0
C0C0
C1C0
E3C0
7FC0
7EC0
0000
0000
0000
ENDCHAR
STARTCHAR U+0048
ENCODING 72
SWIDTH 500 0
DWIDTH 12 0
BBX 12 24 0 0
BITMAP 
0000
C0C0
C0C0
C0C0
C0C0
C0C0
C0C0
C0C0
C0C0
FFC0
FFC0
C0C0
C0C0
C0C0
C0C0
C0C0
C0C0
C0C0
C0C0
C0C0
C0C0
0000
0000
0000
ENDCHAR
STARTCHAR U+0049
ENCODING 73
SWIDTH 500 0
DWIDTH 12 0
BBX 12 24 0 0
BITMAP 
0000
FFC0
FFC0
0C00
0C00
0C00
0C00
0C00
0C00
0C00
0C00
0C00
0C00
0C00
0C00
0C00
0C00
0C00
0C00
FFC0
FFC0
0000
0000
0000
ENDCHAR
STARTCHAR U+004A
ENCODING 74
SWIDTH 500 0
DWIDTH 12 0
BBX 12 24 0 0
BITMAP 
0000
1FC0
1FC0
0700
0300
0300
0300
0300
0300
0300
0300
0300
0300
0300
0300
C300
C300
C700
C600
FE00
7C00
0000
0000
0000
ENDCHAR
STARTCHAR U+004B
ENCODING 75
SWIDTH 500 0
DWIDTH 12 0
BBX 12 24 0 0
BITMAP 
0000
C0C0
C0C0
C180
C380
C700
CE00
DC00
F800
F000
F000
E000
F000
F800
DC00
CE00
C700
C300
C180
C1C0
C0C0
0000
0000
0000
ENDCHAR
STARTCHAR U+004C
ENCODING 76
SWIDTH 500 0
DWIDTH 12 0
BBX 12 24 0 0
BITMAP 
0000
C000
C000
C000
C000
C000
C000
C000
C000
C000
C000
C000
C000
C000
C000
C000
C000
C000
C000
FFC0
FFC0
0000
0000
0000
ENDCHAR
STARTCHAR U+004D
ENCODING 77
SWIDTH 500 0
DWIDTH 12 0
BBX 12 24 0 0
BITMAP 
0000
C0C0
C0C0
C0C0
C0C0
E1C0
E1C0
E1C0
F3C0
FFC0
DEC0
DEC0
DEC0
C0C0
C0C0
C0C0
C0C0
C0C0
C0C0
C0C0
C0C0
0000
0000
0000
ENDCHAR
STARTCHAR U+004E
ENCODING 78
SWIDTH 500 0
DWIDTH 12 0
BBX 12 24 0 0
BITMAP 
0000
C0C0
C0C0
E0C0
E0C0
F0C0
F0C0
F8C0
D8C0
DCC0
CCC0
CCC0
C6C0
C6C0
C7C0
C3C0
C3C0
C1C0
C1C0
C0C0
C0C0
0000
0000
0000
ENDCHAR
STARTCHAR U+004F
ENCODING 79
SWIDTH 500 0
DWIDTH 12 0
BBX 12 24 0 0
BITMAP 
0000
3F80
7F80
E1C0
C0C0
C0C0
C0C0
C0C0
C0C0
C0C0
C0C0
C0C0
C0C0
C0C0
C0C0
C0C0
C0C0
C0C0
E0C0
7FC0
7F80
0000
0000
0000
ENDCHAR
STARTCHAR U+0050
ENCODING 80
SWIDTH 500 0
DWIDTH 12 0
BBX 12 24 0 0
BITMAP 
0000
FF80
FF80
C1C0
C0C0
C0C0
C0C0
C0C0
C0C0
FFC0
FF80
C000
C000
C000
C000
C000
C000
C000
C000
C000
C000
0000
0000
0000
ENDCHAR
STARTCHAR U+0051
ENCODING 81
SWIDTH 500 0
DWIDTH 12 0
BBX 12 24 0 0
BITMAP 
0000
7E00
FF00
C380
C180
C180
C180
C180
C180
C180
C180
C180
C180
C180
DD80
DF80
E780
FF00
7F00
07C0
01C0
0000
0000
0000
ENDCHAR
STARTCHAR U+0052
ENCODING 82
SWIDTH 500 0
DWIDTH 12 0
BBX 12 24 0 0
BITMAP 
0000
FF80
FF80
C1C0
C0C0
C0C0
C0C0
C0C0
C0C0
FFC0
FF80
C700
C300
C300
C380
C180
C180
C1C0
C0C0
C0C0
C0C0
0000
0000
0000
ENDCHAR
STARTCHAR U+0053
ENCODING 83
SWIDTH 500 0
DWIDTH 12 0
BBX 12 24 0 0
BITMAP 
0000
3F80
7F80
E1C0
C0C0
C0C0
C0C0
C000
E000
7800
3C00
0E00
0780
01C0
00C0
C0C0
C0C0
C0C0
E0C0
7FC0
7F80
0000
0000
0000
ENDCHAR
STARTCHAR U+0054
ENCODING 84
SWIDTH 500 0
DWIDTH 12 0
BBX 12 24 0 0
BITMAP 
0000
FFC0
FFC0
0C00
0C00
0C00
0C00
0C00
0C00
0C00
0C00
0C00
0C00
0C00
0C00
0C00
0C00
0C00
0C00
0C00
0C00
0000
0000
0000
ENDCHAR
STARTCHAR U+0055
ENCODING 85
SWIDTH 500 0
DWIDTH 12 0
BBX 12 24 0 0
BITMAP 
0000
C0C0
C0C0
C0C0
C0C0
C0C0
C0C0
C0C0
C0C0
C0C0
C0C0
C0C0
C0C0
C0C0
C0C0
C0C0
C0C0
C0C0
E0C0
7FC0
7F80
0000
0000
0000
ENDCHAR
STARTCHAR U+0056
ENCODING 86
SWIDTH 500 0
DWIDTH 12 0
BBX 12 24 0 0
BITMAP 
0000
C040
C0C0
C0C0
C0C0
C0C0
E0C0
61C0
6180
6180
7180
3180
3300
3300
3B00
1B00
1E00
1800
0C00
0C00
0C00
0000
0000
0000
ENDCHAR
STARTCHAR U+0057
ENCODING 87
SWIDTH 500 0
DWIDTH 12 0
BBX 12 24 0 0
BITMAP 
0000
C0C0
C0C0
C0C0
C0C0
C0C0
C0C0
C0C0
C0C0
DEC0
DEC0
DEC0
DFC0
F3C0
F1C0
E1C0
F1C0
C0C0
C0C0
C0C0
C0C0
0000
0000
0000
ENDCHAR
STARTCHAR U+0058
ENCODING 88
SWIDTH 500 0
DWIDTH 12 0
BBX 12 24 0 0
BITMAP 
0000
C0C0
C0C0
E0C0
61C0
6180
7180
3380
3300
3300
1F00
1E00
1E00
3F00
3300
7180
61C0
C0C0
C0C0
C0C0
C0C0
0000
0000
0000
ENDCHAR
STARTCHAR U+0059
ENCODING 89
SWIDTH 500 0
DWIDTH 12 0
BBX 12 24 0 0
BITMAP 
0000
C040
C0C0
C0C0
C0C0
E1C0
6180
7380
3300
3F00
1E00
0E00
0C00
0C00
0C00
0C00
0C00
0C00
0C00
0C00
0C00
0000
0000
0000
ENDCHAR
STARTCHAR U+005A
ENCODING 90
SWIDTH 500 0
DWIDTH 12 0
BBX 12 24 0 0
BITMAP 
0000
FFC0
FFC0
00C0
00C0
00C0
00C0
01C0
0380
0700
0E00
1C00
1800
3000
7000
E000
C000
C000
C000
FFC0
FFC0
0000
0000
0000
ENDCHAR
STARTCHAR U+005B
ENCODING 91
SWIDTH 500 0
DWIDTH 12 0
BBX 12 24 0 0
BITMAP 
1F80
1F80
1800
1800
1800
1800
1800
1800
1800
1800
1800
1800
1800
1800
1800
1800
1800
1800
1800
1800
1800
1F80
1F80
0000
ENDCHAR
STARTCHAR U+005C
ENCODING 92
SWIDTH 500 0
DWIDTH 12 0
BBX 12 24 0 0
BITMAP 
C000
C000
C000
C000
E000
6000
3000
3000
3800
1800
1C00
0C00
0C00
0600
0600
0700
0300
0380
0180
01C0
00C0
00C0
00C0
00C0
ENDCHAR
STARTCHAR U+005D
ENCODING 93
SWIDTH 500 0
DWIDTH 12 0
BBX 12 24 0 0
BITMAP 
7E00
7E00
0600
0600
0600
0600
0600
0600
0600
0600
0600
0600
0600
0600
0600
0600
0600
0600
0600
0600
0600
7E00
7E00
0000
ENDCHAR
STARTCHAR U+005E
ENCODING 94
SWIDTH 500 0
DWIDTH 12 0
BBX 12 24 0 0
BITMAP 
0E00
1F00
3B80
71C0
60C0
0000
0000
0000
0000
0000
0000
0000
0000
0000
0000
0000
0000
0000
0000
0000
0000
0000
0000
0000
ENDCHAR
STARTCHAR U+005F
ENCODING 95
SWIDTH 500 0
DWIDTH 12 0
BBX 12 24 0 0
BITMAP 
0000
0000
0000
0000
0000
0000
0000
0000
0000
0000
0000
0000
0000
0000
0000
0000
0000
0000
0000
0000
0000
0000
FFF0
FFF0
ENDCHAR
STARTCHAR U+0060
ENCODING 96
SWIDTH 500 0
DWIDTH 12 0
BBX 12 24 0 0
BITMAP 
3800
1E00
0700
0000
0000
0000
0000
0000
0000
0000
0000
0000
0000
0000
0000
0000
0000
0000
0000
0000
0000
0000
0000
0000
ENDCHAR
STARTCHAR U+0061
ENCODING 97
SWIDTH 500 0
DWIDTH 12 0
BBX 12 24 0 0
BITMAP 
0000
0000
0000
0000
0000
0000
3F80
7F80
E0C0
C0C0
00C0
00C0
7FC0
FFC0
C0C0
C0C0
C0C0
C1C0
C3C0
FFC0
7EC0
0000
0000
0000
ENDCHAR
STARTCHAR U+0062
ENCODING 98
SWIDTH 500 0
DWIDTH 12 0
BBX 12 24 0 0
BITMAP 
C000
C000
C000
C000
C000
C000
DF80
FFC0
F0C0
E0C0
C0C0
C0C0
C0C0
C0C0
C0C0
C0C0
C0C0
E0C0
F0C0
FFC0
DF80
0000
0000
0000
ENDCHAR
STARTCHAR U+0063
ENCODING 99
SWIDTH 500 0
DWIDTH 12 0
BBX 12 24 0 0
BITMAP 
0000
0000
0000
0000
0000
0000
3F80
7F80
E1C0
C0C0
C000
C000
C000
C000
C000
C000
C000
C040
C0C0
FFC0
7F80
0000
0000
0000
ENDCHAR
STARTCHAR U+0064
ENCODING 100
SWIDTH 500 0
DWIDTH 12 0
BBX 12 24 0 0
BITMAP 
00C0
00C0
00C0
00C0
00C0
00C0
7EC0
FFC0
C3C0
C1C0
C0C0
C0C0
C0C0
C0C0
C0C0
C0C0
C0C0
C1C0
E3C0
FFC0
7EC0
0000
0000
0000
ENDCHAR
STARTCHAR U+0065
ENCODING 101
SWIDTH 500 0
DWIDTH 12 0
BBX 12 24 0 0
BITMAP 
0000
0000
0000
0000
0000
0000
3F80
7F80
E0C0
C0C0
C0C0
C0C0
FFC0
FFC0
C000
C000
C000
C040
C0C0
FFC0
7F80
0000
0000
0000
ENDCHAR
STARTCHAR U+0066
ENCODING 102
SWIDTH 500 0
DWIDTH 12 0
BBX 12 24 0 0
BITMAP 
0780
0F80
0C00
0C00
0C00
0C00
0C00
1C00
FF80
FF80
0C00
0C00
0C00
0C00
0C00
0C00
0C00
0C00
0C00
0C00
0C00
0000
0000
0000
ENDCHAR
STARTCHAR U+0067
ENCODING 103
SWIDTH 500 0
DWIDTH 12 0
BBX 12 24 0 0
BITMAP 
0000
0000
0000
0000
0000
0000
00C0
04C0
7FC0
FFC0
C380
C180
C180
6380
7F00
7C00
3800
7F00
7F80
E1C0
C0C0
C0C0
FFC0
7F80
ENDCHAR
STARTCHAR U+0068
ENCODING 104
SWIDTH 500 0
DWIDTH 12 0
BBX 12 24 0 0
BITMAP 
C000
C000
C000
C000
C000
C000
DF80
FFC0
F0C0
E0C0
C0C0
C0C0
C0C0
C0C0
C0C0
C0C0
C0C0
C0C0
C0C0
C0C0
C0C0
0000
0000
0000
ENDCHAR
STARTCHAR U+0069
ENCODING 105
SWIDTH 500 0
DWIDTH 12 0
BBX 12 24 0 0
BITMAP 
0000
0800
0C00
0C00
0800
0000
1800
1C00
1C00
0C00
0C00
0C00
0C00
0C00
0C00
0C00
0C00
0C00
0C00
3E00
3F00
0000
0000
0000
ENDCHAR
STARTCHAR U+006A
ENCODING 106
SWIDTH 500 0
DWIDTH 12 0
BBX 12 24 0 0
BITMAP 
0000
0200
0600
0600
0200
0000
0600
0F00
0600
0600
0600
0600
0600
0600
0600
0600
0600
0600
0600
0600
4600
6E00
7C00
3800
ENDCHAR
STARTCHAR U+006B
ENCODING 107
SWIDTH 500 0
DWIDTH 12 0
BBX 12 24 0 0
BITMAP 
C000
C000
C000
C000
C000
C000
C380
C300
C700
CE00
DC00
F800
F000
F800
DC00
CE00
C600
C300
C380
C1C0
C0C0
0000
0000
0000
ENDCHAR
STARTCHAR U+006C
ENCODING 108
SWIDTH 500 0
DWIDTH 12 0
BBX 12 24 0 0
BITMAP 
1800
1C00
1C00
0C00
0C00
0C00
0C00
0C00
0C00
0C00
0C00
0C00
0C00
0C00
0C00
0C00
0C00
0C00
0C00
3E00
3F00
0000
0000
0000
ENDCHAR
STARTCHAR U+006D
ENCODING 109
SWIDTH 500 0
DWIDTH 12 0
BBX 12 24 0 0
BITMAP 
0000
0000
0000
0000
0000
0000
FB80
FFC0
DEC0
CCC0
CCC0
CCC0
CCC0
CCC0
CCC0
CCC0
CCC0
CCC0
CCC0
CCC0
CCC0
0000
0000
0000
ENDCHAR
STARTCHAR U+006E
ENCODING 110
SWIDTH 500 0
DWIDTH 12 0
BBX 12 24 0 0
BITMAP 
0000
0000
0000
0000
0000
0000
DF80
FF80
F0C0
E0C0
C0C0
C0C0
C0C0
C0C0
C0C0
C0C0
C0C0
C0C0
C0C0
C0C0
C0C0
0000
0000
0000
ENDCHAR
STARTCHAR U+006F
ENCODING 111
SWIDTH 500 0
DWIDTH 12 0
BBX 12 24 0 0
BITMAP 
0000
0000
0000
0000
0000
0000
3F80
7F80
E0C0
C0C0
C0C0
C0C0
C0C0
C0C0
C0C0
C0C0
C0C0
C0C0
C0C0
FFC0
7F80
0000
0000
0000
ENDCHAR
STARTCHAR U+0070
ENCODING 112
SWIDTH 500 0
DWIDTH 12 0
BBX 12 24 0 0
BITMAP 
0000
0000
0000
0000
0000
0000
DF80
FFC0
F0C0
E0C0
C0C0
C0C0
C0C0
C0C0
C0C0
C0C0
C0C0
F0C0
F9C0
DF80
CF00
C000
C000
C000
ENDCHAR
STARTCHAR U+0071
ENCODING 113
SWIDTH 500 0
DWIDTH 12 0
BBX 12 24 0 0
BITMAP 
0000
0000
0000
0000
0000
0000
3EC0
7FC0
E3C0
C1C0
C0C0
C0C0
C0C0
C0C0
C0C0
C0C0
C0C0
C3C0
E7C0
7EC0
3CC0
00C0
00C0
00C0
ENDCHAR
STARTCHAR U+0072
ENCODING 114
SWIDTH 500 0
DWIDTH 12 0
BBX 12 24 0 0
BITMAP 
0000
0000
0000
0000
0000
0000
3F80
3FC0
3CC0
38C0
30C0
3040
3000
3000
3000
3000
3000
3000
3000
3000
3000
0000
0000
0000
ENDCHAR
STARTCHAR U+0073
ENCODING 115
SWIDTH 500 0
DWIDTH 12 0
BBX 12 24 0 0
BITMAP 
0000
0000
0000
0000
0000
0000
3F80
7F80
E1C0
C0C0
C000
F000
3800
1E00
0700
03C0
01C0
80C0
C0C0
FFC0
7F80
0000
0000
0000
ENDCHAR
STARTCHAR U+0074
ENCODING 116
SWIDTH 500 0
DWIDTH 12 0
BBX 12 24 0 0
BITMAP 
0000
0800
0C00
0C00
0C00
0C00
1C00
FF80
FF80
1C00
0C00
0C00
0C00
0C00
0C00
0C00
0C00
0C00
0C00
0F80
0780
0000
0000
0000
ENDCHAR
STARTCHAR U+0075
ENCODING 117
SWIDTH 500 0
DWIDTH 12 0
BBX 12 24 0 0
BITMAP 
0000
0000
0000
0000
0000
0000
C0C0
C0C0
C0C0
C0C0
C0C0
C0C0
C0C0
C0C0
C0C0
C0C0
C0C0
C1C0
C3C0
FFC0
7EC0
0000
0000
0000
ENDCHAR
STARTCHAR U+0076
ENCODING 118
SWIDTH 500 0
DWIDTH 12 0
BBX 12 24 0 0
BITMAP 
0000
0000
0000
0000
0000
0000
C0C0
C0C0
C0C0
C0C0
C0C0
61C0
6180
6180
7180
3300
3300
3300
1F00
1E00
1E00
0000
0000
0000
ENDCHAR
STARTCHAR U+0077
ENCODING 119
SWIDTH 500 0
DWIDTH 12 0
BBX 12 24 0 0
BITMAP 
0000
0000
0000
0000
0000
0000
C0C0
C0C0
CCC0
CCC0
CCC0
CCC0
CCC0
CCC0
CCC0
CCC0
CCC0
CCC0
CEC0
FFC0
7F80
0000
0000
0000
ENDCHAR
STARTCHAR U+0078
ENCODING 120
SWIDTH 500 0
DWIDTH 12 0
BBX 12 24 0 0
BITMAP 
0000
0000
0000
0000
0000
0000
C0C0
C0C0
C0C0
E1C0
7380
3B00
1F00
1E00
1E00
3F00
7380
E1C0
C0C0
C0C0
C0C0
0000
0000
0000
ENDCHAR
STARTCHAR U+0079
ENCODING 121
SWIDTH 500 0
DWIDTH 12 0
BBX 12 24 0 0
BITMAP 
0000
0000
0000
0000
0000
0000
C0C0
C0C0
C0C0
C0C0
C0C0
C0C0
C0C0
C0C0
E0C0
71C0
33C0
3FC0
1EC0
00C0
00C0
00C0
3FC0
3F80
ENDCHAR
STARTCHAR U+007A
ENCODING 122
SWIDTH 500 0
DWIDTH 12 0
BBX 12 24 0 0
BITMAP 
0000
0000
0000
0000
0000
0000
FF80
FF80
0180
0380
0300
0700
0E00
1C00
3800
3000
7000
E000
C000
FF80
FF80
0000
0000
0000
ENDCHAR
STARTCHAR U+007B
ENCODING 123
SWIDTH 500 0
DWIDTH 12 0
BBX 12 24 0 0
BITMAP 
0780
0F80
1C00
1800
1800
1E00
0E00
0600
0E00
1C00
3800
7000
7000
3800
1C00
0E00
0600
0600
0E00
1C00
1800
1C00
0F80
0780
ENDCHAR
STARTCHAR U+007C
ENCODING 124
SWIDTH 500 0
DWIDTH 12 0
BBX 12 24 0 0
BITMAP 
0C00
0C00
0C00
0C00
0C00
0C00
0C00
0C00
0C00
0C00
0C00
0C00
0C00
0C00
0C00
0C00
0C00
0C00
0C00
0C00
0C00
0C00
0C00
0C00
ENDCHAR
STARTCHAR U+007D
ENCODING 125
SWIDTH 500 0
DWIDTH 12 0
BBX 12 24 0 0
BITMAP 
7800
7C00
0E00
0600
0600
0E00
1C00
1800
1C00
0E00
0700
0380
0380
0700
0E00
1C00
1800
1C00
1E00
0600
0600
0E00
7C00
7800
ENDCHAR
STARTCHAR U+007E
ENCODING 126
SWIDTH 500 0
DWIDTH 12 0
BBX 12 24 0 0
BITMAP 
FCC0
FFC0
C7C0
8300
0000
0000
0000
0000
0000
0000
0000
0000
0000
0000
0000
0000
0000
0000
0000
0000
0000
0000
0000
0000
ENDCHAR
STARTCHAR U+007F
ENCODING 127
SWIDTH 500 0
DWIDTH 12 0
BBX 24 24 0 0
BITMAP 
E00007
8300C1
848121
884211
88C231
894251
8A4291
8C4311
884211
848121
8300C1
800001
800001
8FC3F1
804201
804201
808201
8083E1
808201
810201
810201
810201
810201
E00007
ENDCHAR
STARTCHAR U+0080
ENCODING 128
SWIDTH 500 0
DWIDTH 12 0
BBX 24 24 0 0
BITMAP 
E00007
8300C1
848121
884211
88C231
894251
8A4291
8C4311
884211
848121
8300C1
800001
800001
8780C1
884121
884211
884231
878251
884291
884311
884211
884121
8780C1
E00007
ENDCHAR
STARTCHAR U+0081
ENCODING 129
SWIDTH 500 0
DWIDTH 12 0
BBX 24 24 0 0
BITMAP 
E00007
8300C1
848121
884211
88C231
894251
8A4291
8C4311
884211
848121
8300C1
800001
800001
878041
8840C1
884141
884041
878041
884041
884041
884041
884041
8781F1
E00007
ENDCHAR
STARTCHAR U+0082
ENCODING 130
SWIDTH 500 0
DWIDTH 12 0
BBX 24 24 0 0
BITMAP 
E00007
8300C1
848121
884211
88C231
894251
8A4291
8C4311
884211
848121
8300C1
800001
800001
8781E1
884211
884211
884011
878061
884081
884101
884201
884201
8783F1
E00007
ENDCHAR
STARTCHAR U+0083
ENCODING 131
SWIDTH 500 0
DWIDTH 12 0
BBX 24 24 0 0
BITMAP 
E00007
8300C1
848121
884211
88C231
894251
8A4291
8C4311
884211
848121
8300C1
800001
800001
8781E1
884211
884211
884011
8780E1
884011
884011
884211
884211
8781E1
E00007
ENDCHAR
STARTCHAR U+0084
ENCODING 132
SWIDTH 500 0
DWIDTH 12 0
BBX 24 24 0 0
BITMAP 
E00007
8300C1
848121
884211
88C231
894251
8A4291
8C4311
884211
848121
8300C1
800001
800001
878021
884061
8840A1
884121
878221
884221
8843F1
884021
884021
878021
E00007
ENDCHAR
STARTCHAR U+0085
ENCODING 133
SWIDTH 500 0
DWIDTH 12 0
BBX 24 24 0 0
BITMAP 
E00007
8300C1
848121
884211
88C231
894251
8A4291
8C4311
884211
848121
8300C1
800001
800001
8783F1
884201
884201
884201
8783E1
884011
884011
884011
884211
8781E1
E00007
ENDCHAR
STARTCHAR U+0086
ENCODING 134
SWIDTH 500 0
DWIDTH 12 0
BBX 24 24 0 0
BITMAP 
E00007
8300C1
848121
884211
88C231
894251
8A4291
8C4311
884211
848121
8300C1
800001
800001
8780E1
884101
884201
884201
8783E1
884211
884211
884211
884211
8781E1
E00007
ENDCHAR
STARTCHAR U+0087
ENCODING 135
SWIDTH 500 0
DWIDTH 12 0
BBX 24 24 0 0
BITMAP 
E00007
8300C1
848121
884211
88C231
894251
8A4291
8C4311
884211
848121
8300C1
800001
800001
8783F1
884011
884011
884021
878021
884021
884041
884041
884041
878041
E00007
ENDCHAR
STARTCHAR U+0088
ENCODING 136
SWIDTH 500 0
DWIDTH 12 0
BBX 24 24 0 0
BITMAP 
E00007
8300C1
848121
884211
88C231
894251
8A4291
8C4311
884211
848121
8300C1
800001
800001
8781E1
884211
884211
884211
8781E1
884211
884211
884211
884211
8781E1
E00007
ENDCHAR
STARTCHAR U+0089
ENCODING 137
SWIDTH 500 0
DWIDTH 12 0
BBX 24 24 0 0
BITMAP 
E00007
8300C1
848121
884211
88C231
894251
8A4291
8C4311
884211
848121
8300C1
800001
800001
8781E1
884211
884211
884211
8781F1
884011
884011
884011
884021
8781C1
E00007
ENDCHAR
STARTCHAR U+008A
ENCODING 138
SWIDTH 500 0
DWIDTH 12 0
BBX 24 24 0 0
BITMAP 
E00007
8300C1
848121
884211
88C231
894251
8A4291
8C4311
884211
848121
8300C1
800001
800001
8780C1
884121
884121
884211
878211
8843F1
884211
884211
884211
878211
E00007
ENDCHAR
STARTCHAR U+008B
ENCODING 139
SWIDTH 500 0
DWIDTH 12 0
BBX 24 24 0 0
BITMAP 
E00007
8300C1
848121
884211
88C231
894251
8A4291
8C4311
884211
848121
8300C1
800001
800001
8783E1
884211
884211
884211
8783E1
884211
884211
884211
884211
8783E1
E00007
ENDCHAR
STARTCHAR U+008C
ENCODING 140
SWIDTH 500 0
DWIDTH 12 0
BBX 24 24 0 0
BITMAP 
E00007
8300C1
848121
884211
88C231
894251
8A4291
8C4311
884211
848121
8300C1
800001
800001
8781E1
884211
884211
884201
878201
884201
884201
884211
884211
8781E1
E00007
ENDCHAR
STARTCHAR U+008D
ENCODING 141
SWIDTH 500 0
DWIDTH 12 0
BBX 24 24 0 0
BITMAP 
E00007
8300C1
848121
884211
88C231
894251
8A4291
8C4311
884211
848121
8300C1
800001
800001
8783C1
884221
884211
884211
878211
884211
884211
884211
884221
8783C1
E00007
ENDCHAR
STARTCHAR U+008E
ENCODING 142
SWIDTH 500 0
DWIDTH 12 0
BBX 24 24 0 0
BITMAP 
E00007
8300C1
848121
884211
88C231
894251
8A4291
8C4311
884211
848121
8300C1
800001
800001
8783F1
884201
884201
884201
8783E1
884201
884201
884201
884201
8783F1
E00007
ENDCHAR
STARTCHAR U+008F
ENCODING 143
SWIDTH 500 0
DWIDTH 12 0
BBX 24 24 0 0
BITMAP 
E00007
8300C1
848121
884211
88C231
894251
8A4291
8C4311
884211
848121
8300C1
800001
800001
8783F1
884201
884201
884201
8783E1
884201
884201
884201
884201
878201
E00007
ENDCHAR
STARTCHAR U+0090
ENCODING 144
SWIDTH 500 0
DWIDTH 12 0
BBX 24 24 0 0
BITMAP 
E00007
8300C1
848121
884211
88C231
894251
8A4291
8C4311
884211
848121
8300C1
800001
800001
8780C1
884121
884211
884231
87C251
804291
804311
804211
808121
8700C1
E00007
ENDCHAR
STARTCHAR U+0091
ENCODING 145
SWIDTH 500 0
DWIDTH 12 0
BBX 24 24 0 0
BITMAP 
E00007
8300C1
848121
884211
88C231
894251
8A4291
8C4311
884211
848121
8300C1
800001
800001
878041
8840C1
884141
884041
87C041
804041
804041
804041
808041
8701F1
E00007
ENDCHAR
STARTCHAR U+0092
ENCODING 146
SWIDTH 500 0
DWIDTH 12 0
BBX 24 24 0 0
BITMAP 
E00007
8300C1
848121
884211
88C231
894251
8A4291
8C4311
884211
848121
8300C1
800001
800001
8781E1
884211
884211
884011
87C061
804081
804101
804201
808201
8703F1
E00007
ENDCHAR
STARTCHAR U+0093
ENCODING 147
SWIDTH 500 0
DWIDTH 12 0
BBX 24 24 0 0
BITMAP 
E00007
8300C1
848121
884211
88C231
894251
8A4291
8C4311
884211
848121
8300C1
800001
800001
8781E1
884211
884211
884011
87C0E1
804011
804011
804211
808211
8701E1
E00007
ENDCHAR
STARTCHAR U+0094
ENCODING 148
SWIDTH 500 0
DWIDTH 12 0
BBX 24 24 0 0
BITMAP 
E00007
8300C1
848121
884211
88C231
894251
8A4291
8C4311
884211
848121
8300C1
800001
800001
878021
884061
8840A1
884121
87C221
804221
8043F1
804021
808021
870021
E00007
ENDCHAR
STARTCHAR U+0095
ENCODING 149
SWIDTH 500 0
DWIDTH 12 0
BBX 24 24 0 0
BITMAP 
E00007
8300C1
848121
884211
88C231
894251
8A4291
8C4311
884211
848121
8300C1
800001
800001
8783F1
884201
884201
884201
87C3E1
804011
804011
804011
808211
8701E1
E00007
ENDCHAR
STARTCHAR U+0096
ENCODING 150
SWIDTH 500 0
DWIDTH 12 0
BBX 24 24 0 0
BITMAP 
E00007
8300C1
848121
884211
88C231
894251
8A4291
8C4311
884211
848121
8300C1
800001
800001
8780E1
884101
884201
884201
87C3E1
804211
804211
804211
808211
8701E1
E00007
ENDCHAR
STARTCHAR U+0097
ENCODING 151
SWIDTH 500 0
DWIDTH 12 0
BBX 24 24 0 0
BITMAP 
E00007
8300C1
848121
884211
88C231
894251
8A4291
8C4311
884211
848121
8300C1
800001
800001
8783F1
884011
884011
884021
87C021
804021
804041
804041
808041
870041
E00007
ENDCHAR
STARTCHAR U+0098
ENCODING 152
SWIDTH 500 0
DWIDTH 12 0
BBX 24 24 0 0
BITMAP 
E00007
8300C1
848121
884211
88C231
894251
8A4291
8C4311
884211
848121
8300C1
800001
800001
8781E1
884211
884211
884211
87C1E1
804211
804211
804211
808211
8701E1
E00007
ENDCHAR
STARTCHAR U+0099
ENCODING 153
SWIDTH 500 0
DWIDTH 12 0
BBX 24 24 0 0
BITMAP 
E00007
8300C1
848121
884211
88C231
894251
8A4291
8C4311
884211
848121
8300C1
800001
800001
8781E1
884211
884211
884211
87C1F1
804011
804011
804011
808021
8701C1
E00007
ENDCHAR
STARTCHAR U+009A
ENCODING 154
SWIDTH 500 0
DWIDTH 12 0
BBX 24 24 0 0
BITMAP 
E00007
8300C1
848121
884211
88C231
894251
8A4291
8C4311
884211
848121
8300C1
800001
800001
8780C1
884121
884121
884211
87C211
8043F1
804211
804211
808211
870211
E00007
ENDCHAR
STARTCHAR U+009B
ENCODING 155
SWIDTH 500 0
DWIDTH 12 0
BBX 24 24 0 0
BITMAP 
E00007
8300C1
848121
884211
88C231
894251
8A4291
8C4311
884211
848121
8300C1
800001
800001
8783E1
884211
884211
884211
87C3E1
804211
804211
804211
808211
8703E1
E00007
ENDCHAR
STARTCHAR U+009C
ENCODING 156
SWIDTH 500 0
DWIDTH 12 0
BBX 24 24 0 0
BITMAP 
E00007
8300C1
848121
884211
88C231
894251
8A4291
8C4311
884211
848121
8300C1
800001
800001
8781E1
884211
884211
884201
87C201
804201
804201
804211
808211
8701E1
E00007
ENDCHAR
STARTCHAR U+009D
ENCODING 157
SWIDTH 500 0
DWIDTH 12 0
BBX 24 24 0 0
BITMAP 
E00007
8300C1
848121
884211
88C231
894251
8A4291
8C4311
884211
848121
8300C1
800001
800001
8783C1
884221
884211
884211
87C211
804211
804211
804211
808221
8703C1
E00007
ENDCHAR
STARTCHAR U+009E
ENCODING 158
SWIDTH 500 0
DWIDTH 12 0
BBX 24 24 0 0
BITMAP 
E00007
8300C1
848121
884211
88C231
894251
8A4291
8C4311
884211
848121
8300C1
800001
800001
8783F1
884201
884201
884201
87C3E1
804201
804201
804201
808201
8703F1
E00007
ENDCHAR
STARTCHAR U+009F
ENCODING 159
SWIDTH 500 0
DWIDTH 12 0
BBX 24 24 0 0
BITMAP 
E00007
8300C1
848121
884211
88C231
894251
8A4291
8C4311
884211
848121
8300C1
800001
800001
8783F1
884201
884201
884201
87C3E1
804201
804201
804201
808201
870201
E00007
ENDCHAR
STARTCHAR U+00A0
ENCODING 160
SWIDTH 500 0
DWIDTH 12 0
BBX 12 24 0 0
BITMAP 
0000
0000
0000
0000
0000
0000
0000
0000
0000
0000
0000
0000
0000
0000
0000
0000
0000
0000
0000
0000
0000
0000
0000
0000
ENDCHAR
STARTCHAR U+00A1
ENCODING 161
SWIDTH 500 0
DWIDTH 12 0
BBX 12 24 0 0
BITMAP 
0000
0000
0000
0000
0C00
0C00
0C00
0C00
0000
0000
0C00
0C00
0C00
0C00
0C00
0C00
0C00
0C00
0C00
0C00
0C00
0C00
0C00
0C00
ENDCHAR
STARTCHAR U+00A2
ENCODING 162
SWIDTH 500 0
DWIDTH 12 0
BBX 12 24 0 0
BITMAP 
0000
0000
0C00
0C00
0C00
0C00
3F00
7F80
FFC0
CCC0
CC40
CC00
CC00
CC00
CC00
CC40
CCC0
EDC0
7F80
3F00
0C00
0C00
0C00
0C00
ENDCHAR
STARTCHAR U+00A3
ENCODING 163
SWIDTH 500 0
DWIDTH 12 0
BBX 12 24 0 0
BITMAP 
0000
0F80
1F80
1800
1800
1800
1800
1800
1800
FE00
FE00
1800
1800
1800
1800
1800
1800
7F80
7FC0
F0C0
E0C0
0000
0000
0000
ENDCHAR
STARTCHAR U+00A4
ENCODING 164
SWIDTH 500 0
DWIDTH 12 0
BBX 12 24 0 0
BITMAP 
0000
0000
0000
0000
0000
C0C0
E1C0
7F80
7F80
7180
E1C0
C0C0
C0C0
E1C0
7180
7F80
7F80
E1C0
C0C0
0000
0000
0000
0000
0000
ENDCHAR
STARTCHAR U+00A5
ENCODING 165
SWIDTH 500 0
DWIDTH 12 0
BBX 12 24 0 0
BITMAP 
0000
C040
C0C0
E1C0
7380
3300
1F00
1E00
0C00
FFC0
FFC0
0C00
0C00
FFC0
FFC0
0C00
0C00
0C00
0C00
0C00
0C00
0000
0000
0000
ENDCHAR
STARTCHAR U+00A6
ENCODING 166
SWIDTH 500 0
DWIDTH 12 0
BBX 12 24 0 0
BITMAP 
0C00
0C00
0C00
0C00
0C00
0C00
0C00
0C00
0C00
0000
0000
0000
0000
0000
0000
0C00
0C00
0C00
0C00
0C00
0C00
0C00
0C00
0C00
ENDCHAR
STARTCHAR U+00A7
ENCODING 167
SWIDTH 500 0
DWIDTH 12 0
BBX 12 24 0 0
BITMAP 
1F80
3F80
71C0
60C0
6040
6000
7000
3F80
3F80
71C0
60C0
60C0
60C0
70C0
3F80
3F80
01C0
00C0
00C0
60C0
70C0
3F80
3F80
0000
ENDCHAR
STARTCHAR U+00A8
ENCODING 168
SWIDTH 500 0
DWIDTH 12 0
BBX 12 24 0 0
BITMAP 
6180
6180
0080
0000
0000
0000
0000
0000
0000
0000
0000
0000
0000
0000
0000
0000
0000
0000
0000
0000
0000
0000
0000
0000
ENDCHAR
STARTCHAR U+00A9
ENCODING 169
SWIDTH 500 0
DWIDTH 12 0
BBX 12 24 0 0
BITMAP 
3F00
7F80
E1C0
DEC0
DFC0
F3C0
F0C0
F0C0
F0C0
F3C0
FFC0
DEC0
E1C0
7F80
3F00
0000
0000
0000
0000
0000
0000
0000
0000
0000
ENDCHAR
STARTCHAR U+00AA
ENCODING 170
SWIDTH 500 0
DWIDTH 12 0
BBX 12 24 0 0
BITMAP 
0000
1F00
1F80
01C0
00C0
1FC0
3FC0
3AC0
70C0
70C0
3FC0
1FC0
0000
0000
7FC0
7FC0
0000
0000
0000
0000
0000
0000
0000
0000
ENDCHAR
STARTCHAR U+00AB
ENCODING 171
SWIDTH 500 0
DWIDTH 12 0
BBX 12 24 0 0
BITMAP 
0000
0000
0000
0000
0000
0000
1980
3980
3380
7300
6700
E600
CE00
CE00
E700
7300
3380
3980
1980
1980
0000
0000
0000
0000
ENDCHAR
STARTCHAR U+00AC
ENCODING 172
SWIDTH 500 0
DWIDTH 12 0
BBX 12 24 0 0
BITMAP 
0000
0000
0000
0000
0000
0000
0000
0000
0000
FFC0
FFC0
00C0
00C0
00C0
00C0
0000
0000
0000
0000
0000
0000
0000
0000
0000
ENDCHAR
STARTCHAR U+00AD
ENCODING 173
SWIDTH 500 0
DWIDTH 12 0
BBX 24 24 0 0
BITMAP 
000000
000000
000000
000000
000000
000000
000000
000000
000000
000000
FF8000
FFC000
FFC000
7FC000
000000
000000
000000
000000
000000
000000
000000
000000
000000
000000
ENDCHAR
STARTCHAR U+00AE
ENCODING 174
SWIDTH 500 0
DWIDTH 12 0
BBX 12 24 0 0
BITMAP 
3F00
7F80
F1C0
FEC0
FFC0
F3C0
F3C0
FFC0
FEC0
FEC0
F7C0
F3C0
F3C0
7F80
3F00
0000
0000
0000
0000
0000
0000
0000
0000
0000
ENDCHAR
STARTCHAR U+00AF
ENCODING 175
SWIDTH 500 0
DWIDTH 12 0
BBX 12 24 0 0
BITMAP 
FFF0
FFF0
0000
0000
0000
0000
0000
0000
0000
0000
0000
0000
0000
0000
0000
0000
0000
0000
0000
0000
0000
0000
0000
0000
ENDCHAR
STARTCHAR U+00B0
ENCODING 176
SWIDTH 500 0
DWIDTH 12 0
BBX 12 24 0 0
BITMAP 
1E00
3F00
3300
3F00
1E00
0000
0000
0000
0000
0000
0000
0000
0000
0000
0000
0000
0000
0000
0000
0000
0000
0000
0000
0000
ENDCHAR
STARTCHAR U+00B1
ENCODING 177
SWIDTH 500 0
DWIDTH 12 0
BBX 12 24 0 0
BITMAP 
0000
0C00
0C00
0C00
0C00
0C00
0C00
FFC0
FFC0
1E00
0C00
0C00
0C00
0C00
0C00
0C00
0000
0000
FFC0
FFC0
0000
0000
0000
0000
ENDCHAR
STARTCHAR U+00B2
ENCODING 178
SWIDTH 500 0
DWIDTH 12 0
BBX 12 24 0 0
BITMAP 
7E00
FF00
C300
0300
2700
7E00
FC00
C000
C000
FF00
FF00
0000
0000
0000
0000
0000
0000
0000
0000
0000
0000
0000
0000
0000
ENDCHAR
STARTCHAR U+00B3
ENCODING 179
SWIDTH 500 0
DWIDTH 12 0
BBX 12 24 0 0
BITMAP 
7E00
FF00
C300
0300
0700
7F00
3F00
0300
C300
FF00
7E00
0000
0000
0000
0000
0000
0000
0000
0000
0000
0000
0000
0000
0000
ENDCHAR
STARTCHAR U+00B4
ENCODING 180
SWIDTH 500 0
DWIDTH 12 0
BBX 12 24 0 0
BITMAP 
0380
0F80
1E00
0800
0000
0000
0000
0000
0000
0000
0000
0000
0000
0000
0000
0000
0000
0000
0000
0000
0000
0000
0000
0000
ENDCHAR
STARTCHAR U+00B5
ENCODING 181
SWIDTH 500 0
DWIDTH 12 0
BBX 12 24 0 0
BITMAP 
0000
0000
0000
0000
0000
0000
6180
6180
6180
6180
6180
6180
6180
6180
6180
6180
6180
7380
7FC0
7EC0
6C40
6000
C000
C000
ENDCHAR
STARTCHAR U+00B6
ENCODING 182
SWIDTH 500 0
DWIDTH 12 0
BBX 12 24 0 0
BITMAP 
0000
3FC0
7FC0
FEC0
FEC0
FEC0
FEC0
FEC0
FEC0
FEC0
FEC0
7EC0
06C0
06C0
06C0
06C0
06C0
06C0
06C0
06C0
06C0
07C0
07C0
0000
ENDCHAR
STARTCHAR U+00B7
ENCODING 183
SWIDTH 500 0
DWIDTH 12 0
BBX 12 24 0 0
BITMAP 
0000
0000
0000
0000
0000
0000
0000
0000
0000
0000
1E00
1E00
1E00
1E00
0000
0000
0000
0000
0000
0000
0000
0000
0000
0000
ENDCHAR
STARTCHAR U+00B8
ENCODING 184
SWIDTH 500 0
DWIDTH 12 0
BBX 12 24 0 0
BITMAP 
0000
0000
0000
0000
0000
0000
0000
0000
0000
0000
0000
0000
0000
0000
0000
0000
0000
0000
0000
0000
0C00
0C00
7800
7800
ENDCHAR
STARTCHAR U+00B9
ENCODING 185
SWIDTH 500 0
DWIDTH 12 0
BBX 12 24 0 0
BITMAP 
0C00
1C00
3C00
7C00
6C00
0C00
0C00
0C00
0C00
0C00
0C00
0000
0000
0000
0000
0000
0000
0000
0000
0000
0000
0000
0000
0000
ENDCHAR
STARTCHAR U+00BA
ENCODING 186
SWIDTH 500 0
DWIDTH 12 0
BBX 12 24 0 0
BITMAP 
0000
1E00
3F00
7380
6180
6180
6180
6180
6180
7380
3F00
1E00
0000
0000
7F80
7F80
0000
0000
0000
0000
0000
0000
0000
0000
ENDCHAR
STARTCHAR U+00BB
ENCODING 187
SWIDTH 500 0
DWIDTH 12 0
BBX 12 24 0 0
BITMAP 
0000
0000
0000
0000
0000
0000
6600
6700
7300
3380
3980
19C0
1CC0
1CC0
19C0
3B80
7300
6700
6600
6600
0000
0000
0000
0000
ENDCHAR
STARTCHAR U+00BC
ENCODING 188
SWIDTH 500 0
DWIDTH 12 0
BBX 12 24 0 0
BITMAP 
2040
70C0
F0C0
F0C0
F1C0
3180
3380
3300
3700
3600
3E00
3C00
1C40
18C0
19C0
19C0
3FC0
3FC0
76C0
E7C0
C7C0
C3C0
C0C0
C0C0
ENDCHAR
STARTCHAR U+00BD
ENCODING 189
SWIDTH 500 0
DWIDTH 12 0
BBX 12 24 0 0
BITMAP 
2040
70C0
F0C0
F0C0
F1C0
3180
3380
3300
3700
3600
3600
2C00
0D00
1F80
1FC0
1FC0
36C0
30C0
70C0
E1C0
C380
C3C0
C7C0
C7C0
ENDCHAR
STARTCHAR U+00BE
ENCODING 190
SWIDTH 500 0
DWIDTH 12 0
BBX 12 24 0 0
BITMAP 
E040
F0C0
38C0
18C0
39C0
3180
3380
3F00
1E00
3E00
FE00
FE00
3C40
18C0
19C0
19C0
3FC0
3FC0
76C0
E7C0
C7C0
C3C0
C0C0
C0C0
ENDCHAR
STARTCHAR U+00BF
ENCODING 191
SWIDTH 500 0
DWIDTH 12 0
BBX 12 24 0 0
BITMAP 
0000
0000
0000
0000
0600
0600
0600
0600
0000
0000
0600
0600
0600
0E00
3C00
7800
E0C0
C0C0
C0C0
C0C0
C0C0
E0C0
7FC0
7F80
ENDCHAR
STARTCHAR U+00C0
ENCODING 192
SWIDTH 500 0
DWIDTH 12 0
BBX 12 24 0 0
BITMAP 
3C00
3F00
0780
0000
0000
0000
1E00
3F00
3380
7180
E1C0
C0C0
C0C0
FFC0
FFC0
C0C0
C0C0
C0C0
C0C0
C0C0
C0C0
0000
0000
0000
ENDCHAR
STARTCHAR U+00C1
ENCODING 193
SWIDTH 500 0
DWIDTH 12 0
BBX 12 24 0 0
BITMAP 
0780
3F00
3C00
0000
0000
0000
1E00
3F00
3380
7180
E1C0
C0C0
C0C0
FFC0
FFC0
C0C0
C0C0
C0C0
C0C0
C0C0
C0C0
0000
0000
0000
ENDCHAR
STARTCHAR U+00C2
ENCODING 194
SWIDTH 500 0
DWIDTH 12 0
BBX 12 24 0 0
BITMAP 
1E00
3F00
3380
0000
0000
0000
1E00
3F00
3380
7180
E1C0
C0C0
C0C0
FFC0
FFC0
C0C0
C0C0
C0C0
C0C0
C0C0
C0C0
0000
0000
0000
ENDCHAR
STARTCHAR U+00C3
ENCODING 195
SWIDTH 500 0
DWIDTH 12 0
BBX 12 24 0 0
BITMAP 
7CC0
FFC0
C780
0000
0000
0000
1E00
3F00
3380
7180
E1C0
C0C0
C0C0
FFC0
FFC0
C0C0
C0C0
C0C0
C0C0
C0C0
C0C0
0000
0000
0000
ENDCHAR
STARTCHAR U+00C4
ENCODING 196
SWIDTH 500 0
DWIDTH 12 0
BBX 12 24 0 0
BITMAP 
3180
3180
3180
0000
0000
0000
1E00
3F00
3380
7180
E1C0
C0C0
C0C0
FFC0
FFC0
C0C0
C0C0
C0C0
C0C0
C0C0
C0C0
0000
0000
0000
ENDCHAR
STARTCHAR U+00C5
ENCODING 197
SWIDTH 500 0
DWIDTH 12 0
BBX 12 24 0 0
BITMAP 
1E00
3F00
3B80
3F00
1E00
0000
1E00
3F00
3380
7180
E1C0
C0C0
C0C0
FFC0
FFC0
C0C0
C0C0
C0C0
C0C0
C0C0
C0C0
0000
0000
0000
ENDCHAR
STARTCHAR U+00C6
ENCODING 198
SWIDTH 500 0
DWIDTH 12 0
BBX 12 24 0 0
BITMAP 
0000
1FC0
3FC0
7C00
6C00
CC00
CC00
CC00
CC00
FFC0
FFC0
CC00
CC00
CC00
CC00
CC00
CC00
CC00
CC00
CFC0
CFC0
0000
0000
0000
ENDCHAR
STARTCHAR U+00C7
ENCODING 199
SWIDTH 500 0
DWIDTH 12 0
BBX 12 24 0 0
BITMAP 
0000
3F80
7F80
E1C0
C0C0
C0C0
C040
C000
C000
C000
C000
C000
C000
C000
C040
C0C0
C0C0
C0C0
FFC0
7F80
0700
0E00
3C00
3800
ENDCHAR
STARTCHAR U+00C8
ENCODING 200
SWIDTH 500 0
DWIDTH 12 0
BBX 12 24 0 0
BITMAP 
3C00
1F00
0780
0000
0000
0000
7FC0
7FC0
6000
6000
6000
6000
7F80
7F80
6000
6000
6000
6000
6000
7FC0
7FC0
0000
0000
0000
ENDCHAR
STARTCHAR U+00C9
ENCODING 201
SWIDTH 500 0
DWIDTH 12 0
BBX 12 24 0 0
BITMAP 
0780
1F80
3C00
0000
0000
0000
7FC0
7FC0
6000
6000
6000
6000
7F80
7F80
6000
6000
6000
6000
6000
7FC0
7FC0
0000
0000
0000
ENDCHAR
STARTCHAR U+00CA
ENCODING 202
SWIDTH 500 0
DWIDTH 12 0
BBX 12 24 0 0
BITMAP 
0F00
1F80
3980
0000
0000
0000
7FC0
7FC0
6000
6000
6000
6000
7F80
7F80
6000
6000
6000
6000
6000
7FC0
7FC0
0000
0000
0000
ENDCHAR
STARTCHAR U+00CB
ENCODING 203
SWIDTH 500 0
DWIDTH 12 0
BBX 12 24 0 0
BITMAP 
3180
3180
3180
0000
0000
0000
7FC0
7FC0
6000
6000
6000
6000
7F80
7F80
6000
6000
6000
6000
6000
7FC0
7FC0
0000
0000
0000
ENDCHAR
STARTCHAR U+00CC
ENCODING 204
SWIDTH 500 0
DWIDTH 12 0
BBX 12 24 0 0
BITMAP 
3C00
1F80
0780
0000
0000
0000
7F80
7F80
0C00
0C00
0C00
0C00
0C00
0C00
0C00
0C00
0C00
0C00
0C00
7F80
7F80
0000
0000
0000
ENDCHAR
STARTCHAR U+00CD
ENCODING 205
SWIDTH 500 0
DWIDTH 12 0
BBX 12 24 0 0
BITMAP 
0F00
7E00
7800
0000
0000
0000
7F80
7F80
0C00
0C00
0C00
0C00
0C00
0C00
0C00
0C00
0C00
0C00
0C00
7F80
7F80
0000
0000
0000
ENDCHAR
STARTCHAR U+00CE
ENCODING 206
SWIDTH 500 0
DWIDTH 12 0
BBX 12 24 0 0
BITMAP 
3C00
7E00
6700
0000
0000
0000
7F80
7F80
0C00
0C00
0C00
0C00
0C00
0C00
0C00
0C00
0C00
0C00
0C00
7F80
7F80
0000
0000
0000
ENDCHAR
STARTCHAR U+00CF
ENCODING 207
SWIDTH 500 0
DWIDTH 12 0
BBX 12 24 0 0
BITMAP 
6300
6300
6300
0000
0000
0000
7F80
7F80
0C00
0C00
0C00
0C00
0C00
0C00
0C00
0C00
0C00
0C00
0C00
7F80
7F80
0000
0000
0000
ENDCHAR
STARTCHAR U+00D0
ENCODING 208
SWIDTH 500 0
DWIDTH 12 0
BBX 12 24 0 0
BITMAP 
0000
7E00
7F00
6380
61C0
60C0
60C0
60C0
60C0
FCC0
FCC0
60C0
60C0
60C0
60C0
60C0
60C0
61C0
6380
7F00
7F00
0000
0000
0000
ENDCHAR
STARTCHAR U+00D1
ENCODING 209
SWIDTH 500 0
DWIDTH 12 0
BBX 12 24 0 0
BITMAP 
7CC0
FFC0
C780
0000
0000
0000
C0C0
E0C0
E0C0
F0C0
F0C0
D8C0
DCC0
CCC0
CEC0
C7C0
C3C0
C3C0
C1C0
C1C0
C0C0
0000
0000
0000
ENDCHAR
STARTCHAR U+00D2
ENCODING 210
SWIDTH 500 0
DWIDTH 12 0
BBX 12 24 0 0
BITMAP 
3C00
3F00
0780
0000
0000
0000
7F80
FFC0
C0C0
C0C0
C0C0
C0C0
C0C0
C0C0
C0C0
C0C0
C0C0
C0C0
C0C0
FFC0
7F80
0000
0000
0000
ENDCHAR
STARTCHAR U+00D3
ENCODING 211
SWIDTH 500 0
DWIDTH 12 0
BBX 12 24 0 0
BITMAP 
0780
3F00
3C00
0000
0000
0000
7F80
FFC0
C0C0
C0C0
C0C0
C0C0
C0C0
C0C0
C0C0
C0C0
C0C0
C0C0
C0C0
FFC0
7F80
0000
0000
0000
ENDCHAR
STARTCHAR U+00D4
ENCODING 212
SWIDTH 500 0
DWIDTH 12 0
BBX 12 24 0 0
BITMAP 
1E00
3F00
3380
0000
0000
0000
7F80
FFC0
C0C0
C0C0
C0C0
C0C0
C0C0
C0C0
C0C0
C0C0
C0C0
C0C0
C0C0
FFC0
7F80
0000
0000
0000
ENDCHAR
STARTCHAR U+00D5
ENCODING 213
SWIDTH 500 0
DWIDTH 12 0
BBX 12 24 0 0
BITMAP 
7CC0
FFC0
C780
0000
0000
0000
7F80
FFC0
C0C0
C0C0
C0C0
C0C0
C0C0
C0C0
C0C0
C0C0
C0C0
C0C0
C0C0
FFC0
7F80
0000
0000
0000
ENDCHAR
STARTCHAR U+00D6
ENCODING 214
SWIDTH 500 0
DWIDTH 12 0
BBX 12 24 0 0
BITMAP 
3180
3180
3180
0000
0000
0000
7F80
FFC0
C0C0
C0C0
C0C0
C0C0
C0C0
C0C0
C0C0
C0C0
C0C0
C0C0
C0C0
FFC0
7F80
0000
0000
0000
ENDCHAR
STARTCHAR U+00D7
ENCODING 215
SWIDTH 500 0
DWIDTH 12 0
BBX 12 24 0 0
BITMAP 
0000
0000
0000
0000
0000
0000
0000
C0C0
E0C0
6180
3380
3F00
1F00
3300
7180
E1C0
C0C0
0000
0000
0000
0000
0000
0000
0000
ENDCHAR
STARTCHAR U+00D8
ENCODING 216
SWIDTH 500 0
DWIDTH 12 0
BBX 12 24 0 0
BITMAP 
0000
00C0
04C0
7FC0
FF80
C380
C3C0
C3C0
C6C0
C6C0
CEC0
CCC0
DCC0
D8C0
F8C0
F0C0
70C0
71C0
FF80
CF00
C000
0000
0000
0000
ENDCHAR
STARTCHAR U+00D9
ENCODING 217
SWIDTH 500 0
DWIDTH 12 0
BBX 12 24 0 0
BITMAP 
3C00
3F00
0780
0000
0000
0000
C0C0
C0C0
C0C0
C0C0
C0C0
C0C0
C0C0
C0C0
C0C0
C0C0
C0C0
C0C0
C0C0
FFC0
7F80
0000
0000
0000
ENDCHAR
STARTCHAR U+00DA
ENCODING 218
SWIDTH 500 0
DWIDTH 12 0
BBX 12 24 0 0
BITMAP 
0780
3F00
3C00
0000
0000
0000
C0C0
C0C0
C0C0
C0C0
C0C0
C0C0
C0C0
C0C0
C0C0
C0C0
C0C0
C0C0
C0C0
FFC0
7F80
0000
0000
0000
ENDCHAR
STARTCHAR U+00DB
ENCODING 219
SWIDTH 500 0
DWIDTH 12 0
BBX 12 24 0 0
BITMAP 
1E00
3F00
3380
0000
0000
0000
C0C0
C0C0
C0C0
C0C0
C0C0
C0C0
C0C0
C0C0
C0C0
C0C0
C0C0
C0C0
C0C0
FFC0
7F80
0000
0000
0000
ENDCHAR
STARTCHAR U+00DC
ENCODING 220
SWIDTH 500 0
DWIDTH 12 0
BBX 12 24 0 0
BITMAP 
3180
3180
3180
0000
0000
0000
C0C0
C0C0
C0C0
C0C0
C0C0
C0C0
C0C0
C0C0
C0C0
C0C0
C0C0
C0C0
C0C0
FFC0
7F80
0000
0000
0000
ENDCHAR
STARTCHAR U+00DD
ENCODING 221
SWIDTH 500 0
DWIDTH 12 0
BBX 12 24 0 0
BITMAP 
0F00
3E00
7800
0000
0000
0000
C0C0
C0C0
C0C0
E1C0
7380
3300
3F00
1E00
0C00
0C00
0C00
0C00
0C00
0C00
0C00
0000
0000
0000
ENDCHAR
STARTCHAR U+00DE
ENCODING 222
SWIDTH 500 0
DWIDTH 12 0
BBX 12 24 0 0
BITMAP 
0000
C000
C000
C000
C000
FE00
FF00
C380
C1C0
C0C0
C0C0
C1C0
C180
C380
FF00
FE00
C000
C000
C000
C000
C000
0000
0000
0000
ENDCHAR
STARTCHAR U+00DF
ENCODING 223
SWIDTH 500 0
DWIDTH 12 0
BBX 12 24 0 0
BITMAP 
0000
3E00
7F00
E300
C380
C180
C380
C700
CE00
DE00
DF00
C300
C180
C1C0
C0C0
C0C0
C0C0
D8C0
DCC0
CFC0
C780
0000
0000
0000
ENDCHAR
STARTCHAR U+00E0
ENCODING 224
SWIDTH 500 0
DWIDTH 12 0
BBX 12 24 0 0
BITMAP 
0000
3800
3E00
0F80
0300
0000
0000
0100
7F80
FFC0
C0C0
00C0
00C0
7FC0
FFC0
C0C0
C0C0
C0C0
C3C0
FFC0
7EC0
0000
0000
0000
ENDCHAR
STARTCHAR U+00E1
ENCODING 225
SWIDTH 500 0
DWIDTH 12 0
BBX 12 24 0 0
BITMAP 
0000
0780
1F00
3C00
3800
0000
0000
0100
7F80
FFC0
C0C0
00C0
00C0
7FC0
FFC0
C0C0
C0C0
C0C0
C3C0
FFC0
7EC0
0000
0000
0000
ENDCHAR
STARTCHAR U+00E2
ENCODING 226
SWIDTH 500 0
DWIDTH 12 0
BBX 12 24 0 0
BITMAP 
0000
1E00
3F00
3380
2100
0000
0000
0100
7F80
FFC0
C0C0
00C0
00C0
7FC0
FFC0
C0C0
C0C0
C0C0
C3C0
FFC0
7EC0
0000
0000
0000
ENDCHAR
STARTCHAR U+00E3
ENCODING 227
SWIDTH 500 0
DWIDTH 12 0
BBX 12 24 0 0
BITMAP 
0000
78C0
FFC0
CF80
8300
0000
0000
0100
7F80
FFC0
C0C0
00C0
00C0
7FC0
FFC0
C0C0
C0C0
C0C0
C3C0
FFC0
7EC0
0000
0000
0000
ENDCHAR
STARTCHAR U+00E4
ENCODING 228
SWIDTH 500 0
DWIDTH 12 0
BBX 12 24 0 0
BITMAP 
0000
0000
3180
3180
3180
0000
0000
0000
3F00
7F80
E1C0
C0C0
00C0
7FC0
FFC0
E0C0
C0C0
C0C0
C3C0
FFC0
7EC0
0000
0000
0000
ENDCHAR
STARTCHAR U+00E5
ENCODING 229
SWIDTH 500 0
DWIDTH 12 0
BBX 12 24 0 0
BITMAP 
1E00
3F00
3380
3F00
1E00
0000
0000
0000
7F80
FFC0
E0C0
80C0
00C0
7FC0
FFC0
C0C0
C0C0
C0C0
C3C0
FFC0
7EC0
0000
0000
0000
ENDCHAR
STARTCHAR U+00E6
ENCODING 230
SWIDTH 500 0
DWIDTH 12 0
BBX 12 24 0 0
BITMAP 
0000
0000
0000
0000
0000
0000
7F80
FFC0
CCC0
CCC0
0CC0
0CC0
7FC0
FFC0
CC00
CC00
CC00
CC40
CCC0
FFC0
7F80
0000
0000
0000
ENDCHAR
STARTCHAR U+00E7
ENCODING 231
SWIDTH 500 0
DWIDTH 12 0
BBX 12 24 0 0
BITMAP 
0000
0000
0000
0000
0000
0000
3F80
7FC0
E0C0
C040
C000
C000
C000
C000
C000
C000
C000
C0C0
E1C0
7F80
3F00
0E00
3C00
3800
ENDCHAR
STARTCHAR U+00E8
ENCODING 232
SWIDTH 500 0
DWIDTH 12 0
BBX 12 24 0 0
BITMAP 
0000
3800
3E00
0F80
0300
0000
0000
0100
7F80
FFC0
C0C0
C0C0
C0C0
FFC0
FFC0
C000
C000
C000
C0C0
FFC0
7F80
0000
0000
0000
ENDCHAR
STARTCHAR U+00E9
ENCODING 233
SWIDTH 500 0
DWIDTH 12 0
BBX 12 24 0 0
BITMAP 
0000
0780
1F00
3C00
3800
0000
0000
0100
7F80
FFC0
C0C0
C0C0
C0C0
FFC0
FFC0
C000
C000
C000
C0C0
FFC0
7F80
0000
0000
0000
ENDCHAR
STARTCHAR U+00EA
ENCODING 234
SWIDTH 500 0
DWIDTH 12 0
BBX 12 24 0 0
BITMAP 
1E00
3F00
3380
2100
0000
0000
0000
3F80
7FC0
E0C0
C0C0
C0C0
FFC0
FFC0
C000
C000
C000
C040
C0C0
FFC0
7F80
0000
0000
0000
ENDCHAR
STARTCHAR U+00EB
ENCODING 235
SWIDTH 500 0
DWIDTH 12 0
BBX 12 24 0 0
BITMAP 
0000
0000
3180
3180
3180
0000
0000
0000
3F00
7F80
E1C0
C0C0
C0C0
FFC0
FFC0
C000
C000
C000
C0C0
FFC0
7F80
0000
0000
0000
ENDCHAR
STARTCHAR U+00EC
ENCODING 236
SWIDTH 500 0
DWIDTH 12 0
BBX 12 24 0 0
BITMAP 
0000
3800
3C00
0E00
0600
0000
0000
0800
1C00
1C00
0C00
0C00
0C00
0C00
0C00
0C00
0C00
0C00
0C00
3F00
3F00
0000
0000
0000
ENDCHAR
STARTCHAR U+00ED
ENCODING 237
SWIDTH 500 0
DWIDTH 12 0
BBX 12 24 0 0
BITMAP 
0000
0700
1F00
3C00
3800
0000
0000
0C00
1E00
0E00
0600
0600
0600
0600
0600
0600
0600
0600
0600
3F80
3F80
0000
0000
0000
ENDCHAR
STARTCHAR U+00EE
ENCODING 238
SWIDTH 500 0
DWIDTH 12 0
BBX 12 24 0 0
BITMAP 
0000
1E00
3F00
3380
2100
0000
0000
0400
1E00
0E00
0600
0600
0600
0600
0600
0600
0600
0600
0600
3FC0
3FC0
0000
0000
0000
ENDCHAR
STARTCHAR U+00EF
ENCODING 239
SWIDTH 500 0
DWIDTH 12 0
BBX 12 24 0 0
BITMAP 
0000
0000
6300
6300
6300
0000
0000
0000
1C00
3C00
0C00
0C00
0C00
0C00
0C00
0C00
0C00
0C00
0C00
7F80
7F80
0000
0000
0000
ENDCHAR
STARTCHAR U+00F0
ENCODING 240
SWIDTH 500 0
DWIDTH 12 0
BBX 12 24 0 0
BITMAP 
0000
38C0
3FC0
0F80
1F80
3F80
31C0
20C0
00C0
3FC0
7FC0
E0C0
C0C0
C0C0
C0C0
C0C0
C0C0
C0C0
C0C0
FFC0
7F80
0000
0000
0000
ENDCHAR
STARTCHAR U+00F1
ENCODING 241
SWIDTH 500 0
DWIDTH 12 0
BBX 12 24 0 0
BITMAP 
0000
78C0
FFC0
CF80
8300
0000
0000
0900
FF80
FFC0
F0C0
C0C0
C0C0
C0C0
C0C0
C0C0
C0C0
C0C0
C0C0
C0C0
C0C0
0000
0000
0000
ENDCHAR
STARTCHAR U+00F2
ENCODING 242
SWIDTH 500 0
DWIDTH 12 0
BBX 12 24 0 0
BITMAP 
0000
3800
3E00
0F80
0300
0000
0000
0100
7F80
FFC0
C0C0
C0C0
C0C0
C0C0
C0C0
C0C0
C0C0
C0C0
C0C0
FFC0
7F80
0000
0000
0000
ENDCHAR
STARTCHAR U+00F3
ENCODING 243
SWIDTH 500 0
DWIDTH 12 0
BBX 12 24 0 0
BITMAP 
0000
0780
1F00
3C00
3800
0000
0000
0100
7F80
FFC0
C0C0
C0C0
C0C0
C0C0
C0C0
C0C0
C0C0
C0C0
C0C0
FFC0
7F80
0000
0000
0000
ENDCHAR
STARTCHAR U+00F4
ENCODING 244
SWIDTH 500 0
DWIDTH 12 0
BBX 12 24 0 0
BITMAP 
1E00
3F00
3380
2100
0000
0000
0000
3F80
7FC0
E0C0
C0C0
C0C0
C0C0
C0C0
C0C0
C0C0
C0C0
C0C0
C0C0
FFC0
7F80
0000
0000
0000
ENDCHAR
STARTCHAR U+00F5
ENCODING 245
SWIDTH 500 0
DWIDTH 12 0
BBX 12 24 0 0
BITMAP 
0000
78C0
FFC0
CF80
8300
0000
0000
0100
7F80
FFC0
C0C0
C0C0
C0C0
C0C0
C0C0
C0C0
C0C0
C0C0
C0C0
FFC0
7F80
0000
0000
0000
ENDCHAR
STARTCHAR U+00F6
ENCODING 246
SWIDTH 500 0
DWIDTH 12 0
BBX 12 24 0 0
BITMAP 
0000
0000
3180
3180
3180
0000
0000
0000
3F00
7F80
E1C0
C0C0
C0C0
C0C0
C0C0
C0C0
C0C0
C0C0
C0C0
FFC0
7F80
0000
0000
0000
ENDCHAR
STARTCHAR U+00F7
ENCODING 247
SWIDTH 500 0
DWIDTH 12 0
BBX 12 24 0 0
BITMAP 
0000
0000
0000
0000
0E00
1E00
0000
0000
0000
0000
0000
FFC0
FFC0
0000
0000
0000
0000
0000
1E00
1E00
0000
0000
0000
0000
ENDCHAR
STARTCHAR U+00F8
ENCODING 248
SWIDTH 500 0
DWIDTH 12 0
BBX 12 24 0 0
BITMAP 
0000
0000
0000
0000
0000
0000
00C0
3FC0
7FC0
E7C0
C7C0
C6C0
CEC0
CCC0
DCC0
D8C0
F8C0
F9C0
7FC0
FF00
C000
0000
0000
0000
ENDCHAR
STARTCHAR U+00F9
ENCODING 249
SWIDTH 500 0
DWIDTH 12 0
BBX 12 24 0 0
BITMAP 
0000
3800
3E00
0F80
0300
0000
0000
0000
C0C0
C0C0
C0C0
C0C0
C0C0
C0C0
C0C0
C0C0
C0C0
C0C0
C3C0
FFC0
7EC0
0000
0000
0000
ENDCHAR
STARTCHAR U+00FA
ENCODING 250
SWIDTH 500 0
DWIDTH 12 0
BBX 12 24 0 0
BITMAP 
0000
0780
1F00
3C00
3800
0000
0000
0000
C0C0
C0C0
C0C0
C0C0
C0C0
C0C0
C0C0
C0C0
C0C0
C0C0
C3C0
FFC0
7EC0
0000
0000
0000
ENDCHAR
STARTCHAR U+00FB
ENCODING 251
SWIDTH 500 0
DWIDTH 12 0
BBX 12 24 0 0
BITMAP 
1E00
3F00
3380
2100
0000
0000
0000
C0C0
C0C0
C0C0
C0C0
C0C0
C0C0
C0C0
C0C0
C0C0
C0C0
C1C0
C3C0
FFC0
7EC0
0000
0000
0000
ENDCHAR
STARTCHAR U+00FC
ENCODING 252
SWIDTH 500 0
DWIDTH 12 0
BBX 12 24 0 0
BITMAP 
0000
0000
3180
3180
3180
0000
0000
0000
C040
C0C0
C0C0
C0C0
C0C0
C0C0
C0C0
C0C0
C0C0
C0C0
C3C0
FFC0
7EC0
0000
0000
0000
ENDCHAR
STARTCHAR U+00FD
ENCODING 253
SWIDTH 500 0
DWIDTH 12 0
BBX 12 24 0 0
BITMAP 
0000
0780
1F00
3C00
3800
0000
0000
8040
C0C0
C0C0
C0C0
C0C0
C0C0
C0C0
C0C0
E0C0
73C0
3FC0
1EC0
00C0
00C0
00C0
3FC0
3F80
ENDCHAR
STARTCHAR U+00FE
ENCODING 254
SWIDTH 500 0
DWIDTH 12 0
BBX 12 24 0 0
BITMAP 
0000
C000
C000
C000
C000
C000
CF00
DF80
F9C0
F0C0
C0C0
C0C0
C0C0
C0C0
C0C0
C0C0
C0C0
F0C0
F9C0
DF80
CF00
C000
C000
C000
ENDCHAR
STARTCHAR U+00FF
ENCODING 255
SWIDTH 500 0
DWIDTH 12 0
BBX 12 24 0 0
BITMAP 
0000
0000
3180
3180
3180
0000
0000
0000
C040
C0C0
C0C0
C0C0
C0C0
C0C0
C0C0
E0C0
F1C0
3FC0
1FC0
0CC0
00C0
00C0
3FC0
3F80
ENDCHAR
STARTCHAR U+0100
ENCODING 256
SWIDTH 500 0
DWIDTH 12 0
BBX 12 24 0 0
BITMAP 
3F80
3F00
0000
0000
0000
1E00
3F00
3300
7180
E1C0
C0C0
C0C0
C0C0
FFC0
FFC0
C0C0
C0C0
C0C0
C0C0
C0C0
C0C0
0000
0000
0000
ENDCHAR
STARTCHAR U+0101
ENCODING 257
SWIDTH 500 0
DWIDTH 12 0
BBX 12 24 0 0
BITMAP 
0000
0000
3F80
3F00
0000
0000
0000
3F00
7F80
E1C0
C0C0
00C0
3FC0
7FC0
E0C0
C0C0
C0C0
C0C0
C3C0
FFC0
7EC0
0000
0000
0000
ENDCHAR
STARTCHAR U+0102
ENCODING 258
SWIDTH 500 0
DWIDTH 12 0
BBX 12 24 0 0
BITMAP 
C0C0
C0C0
E1C0
7FC0
3F00
0000
1E00
3F00
3380
7180
E1C0
C0C0
C0C0
FFC0
FFC0
C0C0
C0C0
C0C0
C0C0
C0C0
C0C0
0000
0000
0000
ENDCHAR
STARTCHAR U+0103
ENCODING 259
SWIDTH 500 0
DWIDTH 12 0
BBX 12 24 0 0
BITMAP 
0000
C0C0
C0C0
E0C0
7FC0
3F80
0000
0000
2100
7F80
FFC0
C0C0
00C0
3FC0
7FC0
E0C0
C0C0
C0C0
C3C0
FFC0
7FC0
0000
0000
0000
ENDCHAR
STARTCHAR U+0104
ENCODING 260
SWIDTH 500 0
DWIDTH 12 0
BBX 12 24 0 0
BITMAP 
0000
1C00
3E00
3E00
7600
6300
E300
C180
C180
C180
C180
FF80
FF80
C180
C180
C180
C180
C180
C180
C380
0300
0300
03C0
01C0
ENDCHAR
STARTCHAR U+0105
ENCODING 261
SWIDTH 500 0
DWIDTH 12 0
BBX 12 24 0 0
BITMAP 
0000
0000
0000
0000
0000
0000
7F00
FF00
C380
C180
0180
3F80
7F80
E180
C180
C180
C180
C780
EF80
7F80
3F80
0700
03C0
01C0
ENDCHAR
STARTCHAR U+0106
ENCODING 262
SWIDTH 500 0
DWIDTH 12 0
BBX 12 24 0 0
BITMAP 
0780
3F00
3C00
0000
0000
0000
7F80
FFC0
C0C0
C0C0
C040
C000
C000
C000
C000
C000
C040
C0C0
C0C0
FFC0
7F80
0000
0000
0000
ENDCHAR
STARTCHAR U+0107
ENCODING 263
SWIDTH 500 0
DWIDTH 12 0
BBX 12 24 0 0
BITMAP 
0000
0780
1F00
3C00
3800
0000
0000
0100
7F80
FFC0
C0C0
C000
C000
C000
C000
C000
C000
C000
C0C0
FFC0
7F80
0000
0000
0000
ENDCHAR
STARTCHAR U+010C
ENCODING 268
SWIDTH 500 0
DWIDTH 12 0
BBX 12 24 0 0
BITMAP 
3380
3F00
1E00
0000
0000
0000
7F80
FFC0
C0C0
C0C0
C040
C000
C000
C000
C000
C000
C040
C0C0
C0C0
FFC0
7F80
0000
0000
0000
ENDCHAR
STARTCHAR U+010D
ENCODING 269
SWIDTH 500 0
DWIDTH 12 0
BBX 12 24 0 0
BITMAP 
0000
3380
3F00
1F00
0C00
0000
0000
0100
7F80
FFC0
C0C0
C000
C000
C000
C000
C000
C000
C000
C0C0
FFC0
7F80
0000
0000
0000
ENDCHAR
STARTCHAR U+010E
ENCODING 270
SWIDTH 500 0
DWIDTH 12 0
BBX 12 24 0 0
BITMAP 
6600
7E00
3C00
0000
0000
0000
7F00
7F80
63C0
61C0
60C0
60C0
60C0
60C0
60C0
60C0
60C0
60C0
61C0
7F80
7F00
0000
0000
0000
ENDCHAR
STARTCHAR U+010F
ENCODING 271
SWIDTH 500 0
DWIDTH 12 0
BBX 12 24 0 0
BITMAP 
3380
3F00
1E00
0000
0040
00C0
00C0
00C0
00C0
7EC0
FFC0
C3C0
C0C0
C0C0
C0C0
C0C0
C0C0
C0C0
C3C0
FFC0
7FC0
0000
0000
0000
ENDCHAR
STARTCHAR U+0110
ENCODING 272
SWIDTH 500 0
DWIDTH 12 0
BBX 12 24 0 0
BITMAP 
0000
7E00
7F00
6380
61C0
60C0
60C0
60C0
60C0
FCC0
FCC0
60C0
60C0
60C0
60C0
60C0
60C0
61C0
6380
7F00
7F00
0000
0000
0000
ENDCHAR
STARTCHAR U+0111
ENCODING 273
SWIDTH 500 0
DWIDTH 12 0
BBX 12 24 0 0
BITMAP 
0180
03C0
0FC0
0FC0
0180
0180
7D80
FF80
C780
C380
C180
C180
C180
C180
C180
C180
C180
C380
C780
FF80
7D80
0000
0000
0000
ENDCHAR
STARTCHAR U+0112
ENCODING 274
SWIDTH 500 0
DWIDTH 12 0
BBX 12 24 0 0
BITMAP 
3F80
1F80
0000
0000
0000
7FC0
7FC0
6000
6000
6000
6000
7F80
7F80
6000
6000
6000
6000
6000
6000
7FC0
7FC0
0000
0000
0000
ENDCHAR
STARTCHAR U+0113
ENCODING 275
SWIDTH 500 0
DWIDTH 12 0
BBX 12 24 0 0
BITMAP 
0000
0000
3F80
3F00
0000
0000
0000
3F00
7F80
E1C0
C0C0
C0C0
FFC0
FFC0
C000
C000
C000
C000
C0C0
FFC0
7F80
0000
0000
0000
ENDCHAR
STARTCHAR U+0116
ENCODING 278
SWIDTH 500 0
DWIDTH 12 0
BBX 12 24 0 0
BITMAP 
0C00
0C00
0C00
0000
0000
0000
7FC0
7FC0
6000
6000
6000
6000
7F80
7F80
6000
6000
6000
6000
6000
7FC0
7FC0
0000
0000
0000
ENDCHAR
STARTCHAR U+0117
ENCODING 279
SWIDTH 500 0
DWIDTH 12 0
BBX 12 24 0 0
BITMAP 
0000
0000
1800
1800
1800
0000
0000
0000
3F00
7F80
E1C0
C0C0
C0C0
FFC0
FFC0
C000
C000
C000
C0C0
FFC0
7F80
0000
0000
0000
ENDCHAR
STARTCHAR U+0118
ENCODING 280
SWIDTH 500 0
DWIDTH 12 0
BBX 12 24 0 0
BITMAP 
0000
7FC0
7FC0
6000
6000
6000
6000
6000
6000
7F80
7F00
6000
6000
6000
6000
6000
6000
6000
7FC0
7FC0
0700
0700
03C0
01C0
ENDCHAR
STARTCHAR U+0119
ENCODING 281
SWIDTH 500 0
DWIDTH 12 0
BBX 12 24 0 0
BITMAP 
0000
0000
0000
0000
0000
0000
3F80
7FC0
E0C0
C0C0
C0C0
FFC0
FFC0
C000
C000
C000
C000
C0C0
E1C0
7F80
3F00
1C00
0F00
0780
ENDCHAR
STARTCHAR U+011A
ENCODING 282
SWIDTH 500 0
DWIDTH 12 0
BBX 12 24 0 0
BITMAP 
3980
1F80
1F00
0000
0000
0000
7FC0
7FC0
6000
6000
6000
6000
7F80
7F80
6000
6000
6000
6000
6000
7FC0
7FC0
0000
0000
0000
ENDCHAR
STARTCHAR U+011B
ENCODING 283
SWIDTH 500 0
DWIDTH 12 0
BBX 12 24 0 0
BITMAP 
0000
3380
3F00
1F00
0C00
0000
0000
0100
7F80
FFC0
C0C0
C0C0
C0C0
FFC0
FFC0
C000
C000
C000
C0C0
FFC0
7F80
0000
0000
0000
ENDCHAR
STARTCHAR U+011E
ENCODING 286
SWIDTH 500 0
DWIDTH 12 0
BBX 12 24 0 0
BITMAP 
C0C0
C0C0
E1C0
7FC0
3F00
0000
7F80
FFC0
C0C0
C0C0
C040
C000
C000
C7C0
C7C0
C0C0
C0C0
C0C0
C3C0
FFC0
7FC0
0000
0000
0000
ENDCHAR
STARTCHAR U+011F
ENCODING 287
SWIDTH 500 0
DWIDTH 12 0
BBX 12 24 0 0
BITMAP 
0000
C0C0
C0C0
E0C0
7FC0
3F80
0000
00C0
24C0
7FC0
FFC0
C380
C180
E380
6780
7E00
3C00
3800
7F80
FFC0
C0C0
C0C0
FFC0
7F80
ENDCHAR
STARTCHAR U+0122
ENCODING 290
SWIDTH 500 0
DWIDTH 12 0
BBX 12 24 0 0
BITMAP 
0000
3F80
7F80
E1C0
C0C0
C0C0
C040
C000
C000
C000
C000
C7C0
C7C0
C0C0
C0C0
C0C0
C1C0
C3C0
03C0
07C0
0600
0C00
3C00
3800
ENDCHAR
STARTCHAR U+0123
ENCODING 291
SWIDTH 500 0
DWIDTH 12 0
BBX 12 24 0 0
BITMAP 
0780
0F00
1C00
0800
0000
00C0
00C0
7EC0
FFC0
C380
C180
C180
E380
6700
7E00
3C00
3000
7F80
7F80
E1C0
C0C0
C0C0
FFC0
7F80
ENDCHAR
STARTCHAR U+012A
ENCODING 298
SWIDTH 500 0
DWIDTH 12 0
BBX 12 24 0 0
BITMAP 
7F00
7E00
0000
0000
0000
7F80
7F80
0C00
0C00
0C00
0C00
0C00
0C00
0C00
0C00
0C00
0C00
0C00
0C00
7F80
7F80
0000
0000
0000
ENDCHAR
STARTCHAR U+012B
ENCODING 299
SWIDTH 500 0
DWIDTH 12 0
BBX 12 24 0 0
BITMAP 
0000
0000
7F00
7F00
0000
0000
0000
1C00
3C00
0C00
0C00
0C00
0C00
0C00
0C00
0C00
0C00
0C00
0C00
7F80
7F80
0000
0000
0000
ENDCHAR
STARTCHAR U+012E
ENCODING 302
SWIDTH 500 0
DWIDTH 12 0
BBX 12 24 0 0
BITMAP 
0000
7F80
7F80
0C00
0C00
0C00
0C00
0C00
0C00
0C00
0C00
0C00
0C00
0C00
0C00
0C00
0C00
0C00
7F80
7F80
0C00
0E00
0780
0380
ENDCHAR
STARTCHAR U+012F
ENCODING 303
SWIDTH 500 0
DWIDTH 12 0
BBX 12 24 0 0
BITMAP 
0000
0400
0600
0600
0400
0000
0C00
1E00
0E00
0600
0600
0600
0600
0600
0600
0600
0600
0600
0E00
3F80
3F80
0600
0780
0380
ENDCHAR
STARTCHAR U+0130
ENCODING 304
SWIDTH 500 0
DWIDTH 12 0
BBX 12 24 0 0
BITMAP 
0C00
0C00
0C00
0000
0000
0000
7F80
7F80
0C00
0C00
0C00
0C00
0C00
0C00
0C00
0C00
0C00
0C00
0C00
7F80
7F80
0000
0000
0000
ENDCHAR
STARTCHAR U+0131
ENCODING 305
SWIDTH 500 0
DWIDTH 12 0
BBX 12 24 0 0
BITMAP 
0000
0000
0000
0000
0000
0000
1800
1C00
1C00
0C00
0C00
0C00
0C00
0C00
0C00
0C00
0C00
0C00
0C00
3E00
3F00
0000
0000
0000
ENDCHAR
STARTCHAR U+0136
ENCODING 310
SWIDTH 500 0
DWIDTH 12 0
BBX 12 24 0 0
BITMAP 
0000
60C0
60C0
61C0
6380
6700
6600
6E00
7C00
7800
7000
7800
7C00
7C00
6E00
6700
6380
6180
61C0
70C0
3000
3800
F000
E000
ENDCHAR
STARTCHAR U+0137
ENCODING 311
SWIDTH 500 0
DWIDTH 12 0
BBX 12 24 0 0
BITMAP 
6000
6000
6000
6000
6000
6000
6180
6380
6700
6E00
7C00
7800
7800
7C00
6E00
6700
6300
6380
61C0
70C0
3040
3800
F000
E000
ENDCHAR
STARTCHAR U+0139
ENCODING 313
SWIDTH 500 0
DWIDTH 12 0
BBX 12 24 0 0
BITMAP 
0E00
7E00
7800
0000
0000
0000
6000
6000
6000
6000
6000
6000
6000
6000
6000
6000
6000
6000
6000
7FC0
7FC0
0000
0000
0000
ENDCHAR
STARTCHAR U+013A
ENCODING 314
SWIDTH 500 0
DWIDTH 12 0
BBX 12 24 0 0
BITMAP 
0F00
3F00
3800
0000
0C00
1E00
0E00
0600
0600
0600
0600
0600
0600
0600
0600
0600
0600
0600
0600
3F80
3F80
0000
0000
0000
ENDCHAR
STARTCHAR U+013B
ENCODING 315
SWIDTH 500 0
DWIDTH 12 0
BBX 12 24 0 0
BITMAP 
0000
6000
6000
6000
6000
6000
6000
6000
6000
6000
6000
6000
6000
6000
6000
6000
6000
6000
7FC0
7FC0
0700
0600
1E00
3C00
ENDCHAR
STARTCHAR U+013C
ENCODING 316
SWIDTH 500 0
DWIDTH 12 0
BBX 12 24 0 0
BITMAP 
1C00
1C00
0C00
0C00
0C00
0C00
0C00
0C00
0C00
0C00
0C00
0C00
0C00
0C00
0C00
0C00
0C00
0C00
1E00
3F00
3F00
0C00
3C00
3800
ENDCHAR
STARTCHAR U+013D
ENCODING 317
SWIDTH 500 0
DWIDTH 12 0
BBX 12 24 0 0
BITMAP 
3380
3F00
1E00
0000
0000
0000
C000
C000
C000
C000
C000
C000
C000
C000
C000
C000
C000
C000
C000
FFC0
FFC0
0000
0000
0000
ENDCHAR
STARTCHAR U+013E
ENCODING 318
SWIDTH 500 0
DWIDTH 12 0
BBX 12 24 0 0
BITMAP 
3300
3F00
1E00
0000
0C00
1E00
0E00
0600
0600
0600
0600
0600
0600
0600
0600
0600
0600
0600
0600
3F80
3F80
0000
0000
0000
ENDCHAR
STARTCHAR U+0141
ENCODING 321
SWIDTH 500 0
DWIDTH 12 0
BBX 12 24 0 0
BITMAP 
0000
0200
0700
0E00
1C00
1800
3800
7000
E000
E000
E000
6000
6000
6000
6000
6000
6000
6000
6000
7FC0
7FC0
0000
0000
0000
ENDCHAR
STARTCHAR U+0142
ENCODING 322
SWIDTH 500 0
DWIDTH 12 0
BBX 12 24 0 0
BITMAP 
0E00
0E00
0600
0600
0600
0600
06C0
07C0
0780
0700
0E00
3C00
3000
0000
0000
0000
0000
0000
0000
3FC0
3FC0
0000
0000
0000
ENDCHAR
STARTCHAR U+0143
ENCODING 323
SWIDTH 500 0
DWIDTH 12 0
BBX 12 24 0 0
BITMAP 
0780
1F80
3C00
0000
0000
0000
60C0
60C0
70C0
78C0
78C0
7CC0
6CC0
6EC0
66C0
67C0
63C0
61C0
61C0
60C0
60C0
0000
0000
0000
ENDCHAR
STARTCHAR U+0144
ENCODING 324
SWIDTH 500 0
DWIDTH 12 0
BBX 12 24 0 0
BITMAP 
0000
0780
1F00
3C00
3800
0000
0000
0900
FF80
FFC0
F0C0
C0C0
C0C0
C0C0
C0C0
C0C0
C0C0
C0C0
C0C0
C0C0
C0C0
0000
0000
0000
ENDCHAR
STARTCHAR U+0145
ENCODING 325
SWIDTH 500 0
DWIDTH 12 0
BBX 12 24 0 0
BITMAP 
0000
3040
30C0
38C0
38C0
38C0
3CC0
3CC0
3EC0
36C0
36C0
37C0
33C0
33C0
33C0
31C0
31C0
30C0
30C0
30C0
3800
1800
7800
7000
ENDCHAR
STARTCHAR U+0146
ENCODING 326
SWIDTH 500 0
DWIDTH 12 0
BBX 12 24 0 0
BITMAP 
0000
0000
0000
0000
0000
0000
6F80
7FC0
78C0
70C0
60C0
60C0
60C0
60C0
60C0
60C0
60C0
60C0
60C0
70C0
3040
3800
F000
E000
ENDCHAR
STARTCHAR U+0147
ENCODING 327
SWIDTH 500 0
DWIDTH 12 0
BBX 12 24 0 0
BITMAP 
3980
1F80
1F00
0000
0000
0000
60C0
60C0
70C0
78C0
78C0
7CC0
6CC0
6EC0
66C0
67C0
63C0
61C0
61C0
60C0
60C0
0000
0000
0000
ENDCHAR
STARTCHAR U+0148
ENCODING 328
SWIDTH 500 0
DWIDTH 12 0
BBX 12 24 0 0
BITMAP 
0000
3380
3F00
1F00
0C00
0000
0000
0900
FF80
FFC0
F0C0
C0C0
C0C0
C0C0
C0C0
C0C0
C0C0
C0C0
C0C0
C0C0
C0C0
0000
0000
0000
ENDCHAR
STARTCHAR U+014C
ENCODING 332
SWIDTH 500 0
DWIDTH 12 0
BBX 12 24 0 0
BITMAP 
3F80
3F00
0000
0000
0000
7F80
FFC0
C0C0
C0C0
C0C0
C0C0
C0C0
C0C0
C0C0
C0C0
C0C0
C0C0
C0C0
C0C0
FFC0
7F80
0000
0000
0000
ENDCHAR
STARTCHAR U+014D
ENCODING 333
SWIDTH 500 0
DWIDTH 12 0
BBX 12 24 0 0
BITMAP 
0000
0000
3F80
3F00
0000
0000
0000
3F00
7F80
E1C0
C0C0
C0C0
C0C0
C0C0
C0C0
C0C0
C0C0
C0C0
C0C0
FFC0
7F80
0000
0000
0000
ENDCHAR
STARTCHAR U+0150
ENCODING 336
SWIDTH 500 0
DWIDTH 12 0
BBX 12 24 0 0
BITMAP 
79C0
F3C0
C300
0000
0000
0000
7F00
FF80
C180
C180
C180
C180
C180
C180
C180
C180
C180
C180
C180
FF80
7F00
0000
0000
0000
ENDCHAR
STARTCHAR U+0151
ENCODING 337
SWIDTH 500 0
DWIDTH 12 0
BBX 12 24 0 0
BITMAP 
0000
79C0
F3C0
C300
8200
0000
0000
2000
7F00
FF80
C180
C180
C180
C180
C180
C180
C180
C180
C180
FF80
7F00
0000
0000
0000
ENDCHAR
STARTCHAR U+0152
ENCODING 338
SWIDTH 500 0
DWIDTH 12 0
BBX 12 24 0 0
BITMAP 
0000
73C0
7FC0
DE00
CC00
CC00
CC00
CC00
CC00
CF80
CF80
CC00
CC00
CC00
CC00
CC00
CC00
CC00
CE00
FFC0
7FC0
0000
0000
0000
ENDCHAR
STARTCHAR U+0153
ENCODING 339
SWIDTH 500 0
DWIDTH 12 0
BBX 12 24 0 0
BITMAP 
0000
0000
0000
0000
0000
0000
7B80
FFC0
DEC0
CCC0
CCC0
CCC0
CFC0
CFC0
CC00
CC00
CC00
CC40
CEC0
FFC0
7F80
0000
0000
0000
ENDCHAR
STARTCHAR U+0154
ENCODING 340
SWIDTH 500 0
DWIDTH 12 0
BBX 12 24 0 0
BITMAP 
0780
3F00
3C00
0000
0000
0000
FF80
FFC0
C0C0
C0C0
C0C0
C1C0
FFC0
FF00
C700
C300
C380
C180
C1C0
C0C0
C0C0
0000
0000
0000
ENDCHAR
STARTCHAR U+0155
ENCODING 341
SWIDTH 500 0
DWIDTH 12 0
BBX 12 24 0 0
BITMAP 
0000
0380
0F80
1E00
0C00
0000
0000
0500
3F80
3FC0
38C0
30C0
3040
3000
3000
3000
3000
3000
3000
3000
3000
0000
0000
0000
ENDCHAR
STARTCHAR U+0156
ENCODING 342
SWIDTH 500 0
DWIDTH 12 0
BBX 12 24 0 0
BITMAP 
0000
7F80
7FC0
60C0
60C0
60C0
60C0
60C0
61C0
7F80
7F80
6300
6300
6180
6180
6180
61C0
60C0
60C0
70C0
3000
3800
F000
E000
ENDCHAR
STARTCHAR U+0157
ENCODING 343
SWIDTH 500 0
DWIDTH 12 0
BBX 12 24 0 0
BITMAP 
0000
0000
0000
0000
0000
0000
6F80
7FC0
78C0
70C0
60C0
6040
6000
6000
6000
6000
6000
6000
6000
7000
3000
3800
F000
E000
ENDCHAR
STARTCHAR U+0158
ENCODING 344
SWIDTH 500 0
DWIDTH 12 0
BBX 12 24 0 0
BITMAP 
3380
3F00
1E00
0000
0000
0000
FF80
FFC0
C0C0
C0C0
C0C0
C1C0
FFC0
FF00
C700
C300
C380
C180
C1C0
C0C0
C0C0
0000
0000
0000
ENDCHAR
STARTCHAR U+0159
ENCODING 345
SWIDTH 500 0
DWIDTH 12 0
BBX 12 24 0 0
BITMAP 
0000
3180
3F80
1F00
0E00
0000
0000
0500
7F80
7FC0
78C0
60C0
6040
6000
6000
6000
6000
6000
6000
6000
6000
0000
0000
0000
ENDCHAR
STARTCHAR U+015A
ENCODING 346
SWIDTH 500 0
DWIDTH 12 0
BBX 12 24 0 0
BITMAP 
0780
3F00
3C00
0000
0000
0000
7F80
FFC0
C0C0
C0C0
C040
E000
7800
1E00
0780
03C0
80C0
C0C0
C0C0
FFC0
7F80
0000
0000
0000
ENDCHAR
STARTCHAR U+015B
ENCODING 347
SWIDTH 500 0
DWIDTH 12 0
BBX 12 24 0 0
BITMAP 
0000
0780
1F00
3C00
3800
0000
0000
0100
7F80
FFC0
C0C0
C000
F000
7C00
1E00
0780
C3C0
C0C0
C0C0
FFC0
7F80
0000
0000
0000
ENDCHAR
STARTCHAR U+015E
ENCODING 350
SWIDTH 500 0
DWIDTH 12 0
BBX 12 24 0 0
BITMAP 
0000
3F80
7F80
E1C0
C0C0
C0C0
C040
C000
F000
3800
1E00
0F00
03C0
01C0
80C0
C0C0
C0C0
C0C0
FFC0
7F80
0700
0E00
3C00
3800
ENDCHAR
STARTCHAR U+015F
ENCODING 351
SWIDTH 500 0
DWIDTH 12 0
BBX 12 24 0 0
BITMAP 
0000
0000
0000
0000
0000
0000
3F80
7FC0
E0C0
C040
E000
F000
3C00
1E00
0780
01C0
00C0
C0C0
E1C0
7F80
3F00
0E00
3C00
3800
ENDCHAR
STARTCHAR U+0160
ENCODING 352
SWIDTH 500 0
DWIDTH 12 0
BBX 12 24 0 0
BITMAP 
3380
3F00
1E00
0000
0000
0000
7F80
FFC0
C0C0
C0C0
C040
E000
7800
1E00
0780
03C0
80C0
C0C0
C0C0
FFC0
7F80
0000
0000
0000
ENDCHAR
STARTCHAR U+0161
ENCODING 353
SWIDTH 500 0
DWIDTH 12 0
BBX 12 24 0 0
BITMAP 
0000
3380
3F00
1F00
0C00
0000
0000
0100
7F80
FFC0
C0C0
C000
F000
7C00
1E00
0780
03C0
00C0
C0C0
FFC0
7F80
0000
0000
0000
ENDCHAR
STARTCHAR U+0162
ENCODING 354
SWIDTH 500 0
DWIDTH 12 0
BBX 12 24 0 0
BITMAP 
0000
FFC0
FFC0
0C00
0C00
0C00
0C00
0C00
0C00
0C00
0C00
0C00
0C00
0C00
0C00
0C00
0C00
0C00
0C00
0C00
0C00
0C00
7800
7800
ENDCHAR
STARTCHAR U+0163
ENCODING 355
SWIDTH 500 0
DWIDTH 12 0
BBX 12 24 0 0
BITMAP 
0000
0800
0C00
0C00
0C00
0C00
1C00
FF80
FF80
0C00
0C00
0C00
0C00
0C00
0C00
0C00
0C00
0C00
0F80
0780
0380
0700
3E00
3C00
ENDCHAR
STARTCHAR U+0164
ENCODING 356
SWIDTH 500 0
DWIDTH 12 0
BBX 12 24 0 0
BITMAP 
6700
7E00
3C00
0000
0000
0000
FFC0
FFC0
0C00
0C00
0C00
0C00
0C00
0C00
0C00
0C00
0C00
0C00
0C00
0C00
0C00
0000
0000
0000
ENDCHAR
STARTCHAR U+0165
ENCODING 357
SWIDTH 500 0
DWIDTH 12 0
BBX 12 24 0 0
BITMAP 
3180
3F80
1F00
0000
0000
0000
0C00
0C00
0C00
0C00
FF80
FF80
1C00
0C00
0C00
0C00
0C00
0C00
0C00
0F80
0780
0000
0000
0000
ENDCHAR
STARTCHAR U+016A
ENCODING 362
SWIDTH 500 0
DWIDTH 12 0
BBX 12 24 0 0
BITMAP 
3F80
3F00
0000
0000
0000
C0C0
C0C0
C0C0
C0C0
C0C0
C0C0
C0C0
C0C0
C0C0
C0C0
C0C0
C0C0
C0C0
C0C0
FFC0
7F80
0000
0000
0000
ENDCHAR
STARTCHAR U+016B
ENCODING 363
SWIDTH 500 0
DWIDTH 12 0
BBX 12 24 0 0
BITMAP 
0000
0000
3F80
3F00
0000
0000
0000
C0C0
C0C0
C0C0
C0C0
C0C0
C0C0
C0C0
C0C0
C0C0
C0C0
C0C0
C3C0
FFC0
7EC0
0000
0000
0000
ENDCHAR
STARTCHAR U+016E
ENCODING 366
SWIDTH 500 0
DWIDTH 12 0
BBX 12 24 0 0
BITMAP 
1E00
3F00
3B80
3F00
1E00
0000
C0C0
C0C0
C0C0
C0C0
C0C0
C0C0
C0C0
C0C0
C0C0
C0C0
C0C0
C0C0
C0C0
FFC0
7F80
0000
0000
0000
ENDCHAR
STARTCHAR U+016F
ENCODING 367
SWIDTH 500 0
DWIDTH 12 0
BBX 12 24 0 0
BITMAP 
0000
1E00
3F00
3380
3F00
1E00
0000
0000
C0C0
C0C0
C0C0
C0C0
C0C0
C0C0
C0C0
C0C0
C0C0
C0C0
C3C0
FFC0
7EC0
0000
0000
0000
ENDCHAR
STARTCHAR U+0170
ENCODING 368
SWIDTH 500 0
DWIDTH 12 0
BBX 12 24 0 0
BITMAP 
79C0
F3C0
C300
0000
0000
0000
C180
C180
C180
C180
C180
C180
C180
C180
C180
C180
C180
C180
C180
FF80
7F00
0000
0000
0000
ENDCHAR
STARTCHAR U+0171
ENCODING 369
SWIDTH 500 0
DWIDTH 12 0
BBX 12 24 0 0
BITMAP 
0000
79C0
F3C0
C300
8200
0000
0000
0000
C180
C180
C180
C180
C180
C180
C180
C180
C180
C180
C780
FF80
7F80
0000
0000
0000
ENDCHAR
STARTCHAR U+0172
ENCODING 370
SWIDTH 500 0
DWIDTH 12 0
BBX 12 24 0 0
BITMAP 
0000
C0C0
C0C0
C0C0
C0C0
C0C0
C0C0
C0C0
C0C0
C0C0
C0C0
C0C0
C0C0
C0C0
C0C0
C0C0
C0C0
C0C0
FFC0
7F80
3C00
1C00
0F00
0780
ENDCHAR
STARTCHAR U+0173
ENCODING 371
SWIDTH 500 0
DWIDTH 12 0
BBX 12 24 0 0
BITMAP 
0000
0000
0000
0000
0000
0000
C180
C180
C180
C180
C180
C180
C180
C180
C180
C180
C180
C780
EF80
7F80
3F80
0700
03C0
01C0
ENDCHAR
STARTCHAR U+0178
ENCODING 376
SWIDTH 500 0
DWIDTH 12 0
BBX 12 24 0 0
BITMAP 
6300
6300
6300
0000
0000
0000
C0C0
C0C0
C0C0
E1C0
7380
3300
3F00
1E00
0C00
0C00
0C00
0C00
0C00
0C00
0C00
0000
0000
0000
ENDCHAR
STARTCHAR U+0179
ENCODING 377
SWIDTH 500 0
DWIDTH 12 0
BBX 12 24 0 0
BITMAP 
0F00
3F00
7800
0000
0000
0000
FF80
FF80
0180
0180
0380
0700
0E00
1C00
3800
7000
E000
C000
C000
FF80
FF80
0000
0000
0000
ENDCHAR
STARTCHAR U+017A
ENCODING 378
SWIDTH 500 0
DWIDTH 12 0
BBX 12 24 0 0
BITMAP 
0000
0F00
1F00
7800
3000
0000
0000
0100
FF80
FF80
0180
0380
0700
0E00
1C00
3800
7000
E000
C000
FF80
FF80
0000
0000
0000
ENDCHAR
STARTCHAR U+017B
ENCODING 379
SWIDTH 500 0
DWIDTH 12 0
BBX 12 24 0 0
BITMAP 
1800
1800
1800
0000
0000
0000
FF80
FF80
0180
0180
0380
0700
0E00
1C00
3800
7000
E000
C000
C000
FF80
FF80
0000
0000
0000
ENDCHAR
STARTCHAR U+017C
ENCODING 380
SWIDTH 500 0
DWIDTH 12 0
BBX 12 24 0 0
BITMAP 
0000
0000
1800
1800
1800
0000
0000
0000
FF80
FF80
0180
0380
0700
0E00
1C00
3800
7000
E000
C000
FF80
FF80
0000
0000
0000
ENDCHAR
STARTCHAR U+017D
ENCODING 381
SWIDTH 500 0
DWIDTH 12 0
BBX 12 24 0 0
BITMAP 
7300
3F00
3E00
0000
0000
0000
FF80
FF80
0180
0180
0380
0700
0E00
1C00
3800
7000
E000
C000
C000
FF80
FF80
0000
0000
0000
ENDCHAR
STARTCHAR U+017E
ENCODING 382
SWIDTH 500 0
DWIDTH 12 0
BBX 12 24 0 0
BITMAP 
0000
6300
7F00
3E00
1C00
0000
0000
0100
FF80
FF80
0180
0380
0700
0E00
1C00
3800
7000
E000
C000
FF80
FF80
0000
0000
0000
ENDCHAR
STARTCHAR U+0192
ENCODING 402
SWIDTH 500 0
DWIDTH 12 0
BBX 12 24 0 0
BITMAP 
0380
0780
0E00
0C00
0C00
0C00
0C00
0C00
7F80
7F80
0C00
0C00
0C00
0C00
0C00
0C00
0C00
0C00
0C00
0C00
0C00
1C00
7800
7800
ENDCHAR
STARTCHAR U+01A0
ENCODING 416
SWIDTH 500 0
DWIDTH 12 0
BBX 12 24 0 0
BITMAP 
0060
0060
3F60
7FE0
E1C0
C180
C180
C180
C180
C180
C180
C180
C180
C180
C180
C180
C180
C180
E180
7F80
3F00
0000
0000
0000
ENDCHAR
STARTCHAR U+01A1
ENCODING 417
SWIDTH 500 0
DWIDTH 12 0
BBX 12 24 0 0
BITMAP 
0000
0000
0060
0060
3E60
7FE0
E3E0
C1C0
C180
C180
C180
C180
C180
C180
C180
C180
C180
C180
E380
7F00
3F00
0000
0000
0000
ENDCHAR
STARTCHAR U+01AF
ENCODING 431
SWIDTH 500 0
DWIDTH 12 0
BBX 12 24 0 0
BITMAP 
0060
0060
0060
81E0
C3C0
C380
C300
C300
C300
C300
C300
C300
C300
C300
C300
C300
C300
C300
C300
FF00
7E00
0000
0000
0000
ENDCHAR
STARTCHAR U+01B0
ENCODING 432
SWIDTH 500 0
DWIDTH 12 0
BBX 12 24 0 0
BITMAP 
0000
0000
0060
0060
0060
00E0
C3C0
C3C0
C300
C300
C300
C300
C300
C300
C300
C300
C300
C700
CF00
FF00
7B00
0000
0000
0000
ENDCHAR
STARTCHAR U+02C6
ENCODING 710
SWIDTH 500 0
DWIDTH 12 0
BBX 12 24 0 0
BITMAP 
0E00
1F00
3B80
71C0
60C0
0000
0000
0000
0000
0000
0000
0000
0000
0000
0000
0000
0000
0000
0000
0000
0000
0000
0000
0000
ENDCHAR
STARTCHAR U+02C7
ENCODING 711
SWIDTH 500 0
DWIDTH 12 0
BBX 12 24 0 0
BITMAP 
6180
7380
3F00
1E00
0000
0000
0000
0000
0000
0000
0000
0000
0000
0000
0000
0000
0000
0000
0000
0000
0000
0000
0000
0000
ENDCHAR
STARTCHAR U+02D8
ENCODING 728
SWIDTH 500 0
DWIDTH 12 0
BBX 12 24 0 0
BITMAP 
3180
3980
3F80
1F00
0000
0000
0000
0000
0000
0000
0000
0000
0000
0000
0000
0000
0000
0000
0000
0000
0000
0000
0000
0000
ENDCHAR
STARTCHAR U+02D9
ENCODING 729
SWIDTH 500 0
DWIDTH 12 0
BBX 12 24 0 0
BITMAP 
0400
0E00
0E00
0E00
0000
0000
0000
0000
0000
0000
0000
0000
0000
0000
0000
0000
0000
0000
0000
0000
0000
0000
0000
0000
ENDCHAR
STARTCHAR U+02DB
ENCODING 731
SWIDTH 500 0
DWIDTH 12 0
BBX 12 24 0 0
BITMAP 
0000
0000
0000
0000
0000
0000
0000
0000
0000
0000
0000
0000
0000
0000
0000
0000
0000
0000
0000
1000
1800
1C00
0F00
0700
ENDCHAR
STARTCHAR U+02DC
ENCODING 732
SWIDTH 500 0
DWIDTH 12 0
BBX 12 24 0 0
BITMAP 
0000
78C0
FFC0
CF80
0000
0000
0000
0000
0000
0000
0000
0000
0000
0000
0000
0000
0000
0000
0000
0000
0000
0000
0000
0000
ENDCHAR
STARTCHAR U+02DD
ENCODING 733
SWIDTH 500 0
DWIDTH 12 0
BBX 12 24 0 0
BITMAP 
3B80
7B80
6600
0000
0000
0000
0000
0000
0000
0000
0000
0000
0000
0000
0000
0000
0000
0000
0000
0000
0000
0000
0000
0000
ENDCHAR
STARTCHAR U+0300
ENCODING 768
SWIDTH 500 0
DWIDTH 12 0
BBX 12 24 0 0
BITMAP 
3C00
3F00
0F00
0000
0000
0000
0000
0000
0000
0000
0000
0000
0000
0000
0000
0000
0000
0000
0000
0000
0000
0000
0000
0000
ENDCHAR
STARTCHAR U+0301
ENCODING 769
SWIDTH 500 0
DWIDTH 12 0
BBX 12 24 0 0
BITMAP 
0380
1F80
1E00
0000
0000
0000
0000
0000
0000
0000
0000
0000
0000
0000
0000
0000
0000
0000
0000
0000
0000
0000
0000
0000
ENDCHAR
STARTCHAR U+0303
ENCODING 771
SWIDTH 500 0
DWIDTH 12 0
BBX 12 24 0 0
BITMAP 
7CC0
FFC0
CF80
0000
0000
0000
0000
0000
0000
0000
0000
0000
0000
0000
0000
0000
0000
0000
0000
0000
0000
0000
0000
0000
ENDCHAR
STARTCHAR U+0309
ENCODING 777
SWIDTH 500 0
DWIDTH 12 0
BBX 12 24 0 0
BITMAP 
1E00
3F00
3300
0700
0600
0600
0000
0000
0000
0000
0000
0000
0000
0000
0000
0000
0000
0000
0000
0000
0000
0000
0000
0000
ENDCHAR
STARTCHAR U+0323
ENCODING 803
SWIDTH 500 0
DWIDTH 12 0
BBX 12 24 0 0
BITMAP 
0000
0000
0000
0000
0000
0000
0000
0000
0000
0000
0000
0000
0000
0000
0000
0000
0000
0000
0000
0000
0000
0400
0E00
0E00
ENDCHAR
STARTCHAR U+037A
ENCODING 890
SWIDTH 500 0
DWIDTH 12 0
BBX 12 24 0 0
BITMAP 
0000
0000
0000
0000
0000
0000
0000
0000
0000
0000
0000
0000
0000
0000
0000
0000
0000
0000
0000
0C00
0C00
0C00
0F80
0780
ENDCHAR
STARTCHAR U+0384
ENCODING 900
SWIDTH 500 0
DWIDTH 12 0
BBX 12 24 0 0
BITMAP 
0380
0F80
1E00
0800
0000
0000
0000
0000
0000
0000
0000
0000
0000
0000
0000
0000
0000
0000
0000
0000
0000
0000
0000
0000
ENDCHAR
STARTCHAR U+0385
ENCODING 901
SWIDTH 500 0
DWIDTH 12 0
BBX 12 24 0 0
BITMAP 
00C0
03C0
CFC0
CCC0
C040
0000
0000
0000
0000
0000
0000
0000
0000
0000
0000
0000
0000
0000
0000
0000
0000
0000
0000
0000
ENDCHAR
STARTCHAR U+0386
ENCODING 902
SWIDTH 500 0
DWIDTH 12 0
BBX 12 24 0 0
BITMAP 
1800
3800
7000
E000
C000
0000
1E00
3F00
3380
7180
E1C0
C0C0
C0C0
FFC0
FFC0
C0C0
C0C0
C0C0
C0C0
C0C0
C0C0
0000
0000
0000
ENDCHAR
STARTCHAR U+0388
ENCODING 904
SWIDTH 500 0
DWIDTH 12 0
BBX 12 24 0 0
BITMAP 
1800
3800
7000
E000
C000
0000
FFC0
FFC0
C000
C000
C000
C000
FF80
FF00
C000
C000
C000
C000
C000
FFC0
FFC0
0000
0000
0000
ENDCHAR
STARTCHAR U+0389
ENCODING 905
SWIDTH 500 0
DWIDTH 12 0
BBX 12 24 0 0
BITMAP 
1800
3800
7000
E000
C000
0000
C0C0
C0C0
C0C0
C0C0
C0C0
C0C0
FFC0
FFC0
C0C0
C0C0
C0C0
C0C0
C0C0
C0C0
C0C0
0000
0000
0000
ENDCHAR
STARTCHAR U+038A
ENCODING 906
SWIDTH 500 0
DWIDTH 12 0
BBX 12 24 0 0
BITMAP 
1800
3800
7000
E000
C000
0000
7F80
3F80
0C00
0C00
0C00
0C00
0C00
0C00
0C00
0C00
0C00
0C00
0C00
3F80
7F80
0000
0000
0000
ENDCHAR
STARTCHAR U+038C
ENCODING 908
SWIDTH 500 0
DWIDTH 12 0
BBX 12 24 0 0
BITMAP 
1800
3800
7000
E000
C000
0000
7F80
FFC0
C0C0
C0C0
C0C0
C0C0
C0C0
C0C0
C0C0
C0C0
C0C0
C0C0
C0C0
FFC0
7F80
0000
0000
0000
ENDCHAR
STARTCHAR U+038E
ENCODING 910
SWIDTH 500 0
DWIDTH 12 0
BBX 12 24 0 0
BITMAP 
1800
3800
7000
E000
C000
0000
C060
C060
C060
E0E0
71C0
3B80
1F00
0F00
0E00
0600
0600
0600
0600
0600
0600
0000
0000
0000
ENDCHAR
STARTCHAR U+038F
ENCODING 911
SWIDTH 500 0
DWIDTH 12 0
BBX 12 24 0 0
BITMAP 
3800
7000
E000
C000
8000
3F80
FFC0
E1C0
C0C0
C0C0
C0C0
C0C0
C0C0
C0C0
C0C0
E1C0
7380
3B00
1B00
FBC0
FBC0
0000
0000
0000
ENDCHAR
STARTCHAR U+0390
ENCODING 912
SWIDTH 500 0
DWIDTH 12 0
BBX 12 24 0 0
BITMAP 
0000
00C0
03C0
0780
0E00
C4C0
C0C0
C0C0
0000
1C00
3C00
0C00
0C00
0C00
0C00
0C00
0C00
0C00
0C00
0FC0
07C0
0000
0000
0000
ENDCHAR
STARTCHAR U+0391
ENCODING 913
SWIDTH 500 0
DWIDTH 12 0
BBX 12 24 0 0
BITMAP 
0000
1E00
1E00
3B00
3380
7180
61C0
C0C0
C0C0
C0C0
C0C0
FFC0
FFC0
C0C0
C0C0
C0C0
C0C0
C0C0
C0C0
C0C0
C0C0
0000
0000
0000
ENDCHAR
STARTCHAR U+0392
ENCODING 914
SWIDTH 500 0
DWIDTH 12 0
BBX 12 24 0 0
BITMAP 
0000
FF80
FF80
C1C0
C0C0
C0C0
C0C0
C0C0
C0C0
FF80
FF80
C1C0
C0C0
C0C0
C0C0
C0C0
C0C0
C0C0
C0C0
FFC0
FF80
0000
0000
0000
ENDCHAR
STARTCHAR U+0393
ENCODING 915
SWIDTH 500 0
DWIDTH 12 0
BBX 12 24 0 0
BITMAP 
0000
7FC0
7FC0
60C0
60C0
6000
6000
6000
6000
6000
6000
6000
6000
6000
6000
6000
6000
6000
6000
6000
6000
0000
0000
0000
ENDCHAR
STARTCHAR U+0394
ENCODING 916
SWIDTH 500 0
DWIDTH 12 0
BBX 12 24 0 0
BITMAP 
0000
0C00
0C00
0C00
1E00
1E00
3F00
3300
3300
3300
7380
6180
6180
6180
61C0
C0C0
C0C0
C0C0
C0C0
FFC0
FFC0
0000
0000
0000
ENDCHAR
STARTCHAR U+0395
ENCODING 917
SWIDTH 500 0
DWIDTH 12 0
BBX 12 24 0 0
BITMAP 
0000
7FC0
7FC0
6000
6000
6000
6000
6000
6000
7F80
7F80
6000
6000
6000
6000
6000
6000
6000
6000
7FC0
7FC0
0000
0000
0000
ENDCHAR
STARTCHAR U+0396
ENCODING 918
SWIDTH 500 0
DWIDTH 12 0
BBX 12 24 0 0
BITMAP 
0000
FF80
FF80
0180
0180
0180
0180
0380
0700
0E00
0C00
1C00
3800
7000
6000
E000
C000
C000
C000
FF80
FF80
0000
0000
0000
ENDCHAR
STARTCHAR U+0397
ENCODING 919
SWIDTH 500 0
DWIDTH 12 0
BBX 12 24 0 0
BITMAP 
0000
C0C0
C0C0
C0C0
C0C0
C0C0
C0C0
C0C0
C0C0
FFC0
FFC0
C0C0
C0C0
C0C0
C0C0
C0C0
C0C0
C0C0
C0C0
C0C0
C0C0
0000
0000
0000
ENDCHAR
STARTCHAR U+0398
ENCODING 920
SWIDTH 500 0
DWIDTH 12 0
BBX 12 24 0 0
BITMAP 
0000
3F80
7F80
E1C0
C0C0
C0C0
C0C0
C0C0
C0C0
DEC0
DEC0
DEC0
DEC0
C0C0
C0C0
C0C0
C0C0
C0C0
E0C0
7FC0
7F80
0000
0000
0000
ENDCHAR
STARTCHAR U+0399
ENCODING 921
SWIDTH 500 0
DWIDTH 12 0
BBX 12 24 0 0
BITMAP 
0000
7F80
7F80
0C00
0C00
0C00
0C00
0C00
0C00
0C00
0C00
0C00
0C00
0C00
0C00
0C00
0C00
0C00
0C00
7F80
7F80
0000
0000
0000
ENDCHAR
STARTCHAR U+039A
ENCODING 922
SWIDTH 500 0
DWIDTH 12 0
BBX 12 24 0 0
BITMAP 
0000
C0C0
C0C0
C180
C380
C700
CE00
DC00
F800
F000
F000
E000
F000
F800
DC00
CE00
C700
C300
C180
C1C0
C0C0
0000
0000
0000
ENDCHAR
STARTCHAR U+039B
ENCODING 923
SWIDTH 500 0
DWIDTH 12 0
BBX 12 24 0 0
BITMAP 
0000
0C00
0C00
0C00
1E00
1E00
3F00
3300
3300
3300
7380
6180
6180
6180
61C0
C0C0
C0C0
C0C0
C0C0
C0C0
C0C0
0000
0000
0000
ENDCHAR
STARTCHAR U+039C
ENCODING 924
SWIDTH 500 0
DWIDTH 12 0
BBX 12 24 0 0
BITMAP 
0000
C0C0
C0C0
C0C0
C0C0
E1C0
E1C0
E1C0
F3C0
FFC0
DEC0
DEC0
DEC0
C0C0
C0C0
C0C0
C0C0
C0C0
C0C0
C0C0
C0C0
0000
0000
0000
ENDCHAR
STARTCHAR U+039D
ENCODING 925
SWIDTH 500 0
DWIDTH 12 0
BBX 12 24 0 0
BITMAP 
0000
C0C0
C0C0
E0C0
E0C0
F0C0
F0C0
F8C0
D8C0
DCC0
CCC0
CCC0
C6C0
C6C0
C7C0
C3C0
C3C0
C1C0
C1C0
C0C0
C0C0
0000
0000
0000
ENDCHAR
STARTCHAR U+039E
ENCODING 926
SWIDTH 500 0
DWIDTH 12 0
BBX 12 24 0 0
BITMAP 
0000
FFC0
FFC0
0000
0000
0000
0000
0000
0000
3F00
3F80
0000
0000
0000
0000
0000
0000
0000
0000
FFC0
FFC0
0000
0000
0000
ENDCHAR
STARTCHAR U+039F
ENCODING 927
SWIDTH 500 0
DWIDTH 12 0
BBX 12 24 0 0
BITMAP 
0000
3F80
7F80
E1C0
C0C0
C0C0
C0C0
C0C0
C0C0
C0C0
C0C0
C0C0
C0C0
C0C0
C0C0
C0C0
C0C0
C0C0
E0C0
7FC0
7F80
0000
0000
0000
ENDCHAR
STARTCHAR U+03A0
ENCODING 928
SWIDTH 500 0
DWIDTH 12 0
BBX 12 24 0 0
BITMAP 
0000
FFC0
FFC0
6180
6180
6180
6180
6180
6180
6180
6180
6180
6180
6180
6180
6180
6180
6180
6180
6180
6180
0000
0000
0000
ENDCHAR
STARTCHAR U+03A1
ENCODING 929
SWIDTH 500 0
DWIDTH 12 0
BBX 12 24 0 0
BITMAP 
0000
FF80
FF80
C1C0
C0C0
C0C0
C0C0
C0C0
C0C0
FFC0
FF80
C000
C000
C000
C000
C000
C000
C000
C000
C000
C000
0000
0000
0000
ENDCHAR
STARTCHAR U+03A3
ENCODING 931
SWIDTH 500 0
DWIDTH 12 0
BBX 12 24 0 0
BITMAP 
0000
FFC0
FFC0
C000
E000
6000
3000
3800
1C00
0E00
0600
0600
0E00
1C00
1800
3000
7000
E000
C000
FFC0
FFC0
0000
0000
0000
ENDCHAR
STARTCHAR U+03A4
ENCODING 932
SWIDTH 500 0
DWIDTH 12 0
BBX 12 24 0 0
BITMAP 
0000
FFC0
FFC0
0C00
0C00
0C00
0C00
0C00
0C00
0C00
0C00
0C00
0C00
0C00
0C00
0C00
0C00
0C00
0C00
0C00
0C00
0000
0000
0000
ENDCHAR
STARTCHAR U+03A5
ENCODING 933
SWIDTH 500 0
DWIDTH 12 0
BBX 12 24 0 0
BITMAP 
0000
C040
C0C0
C0C0
C0C0
E1C0
6180
7380
3300
3F00
1E00
0E00
0C00
0C00
0C00
0C00
0C00
0C00
0C00
0C00
0C00
0000
0000
0000
ENDCHAR
STARTCHAR U+03A6
ENCODING 934
SWIDTH 500 0
DWIDTH 12 0
BBX 12 24 0 0
BITMAP 
0000
FFC0
FFC0
0C00
0C00
7F80
7FC0
ECC0
CCC0
CCC0
CCC0
CCC0
CCC0
CCC0
CCC0
FFC0
7F80
0C00
0C00
FFC0
FFC0
0000
0000
0000
ENDCHAR
STARTCHAR U+03A7
ENCODING 935
SWIDTH 500 0
DWIDTH 12 0
BBX 12 24 0 0
BITMAP 
0000
C0C0
C0C0
E0C0
61C0
6180
7180
3380
3300
3300
1F00
1E00
1E00
3F00
3300
7180
61C0
C0C0
C0C0
C0C0
C0C0
0000
0000
0000
ENDCHAR
STARTCHAR U+03A8
ENCODING 936
SWIDTH 500 0
DWIDTH 12 0
BBX 12 24 0 0
BITMAP 
0000
CC40
CCC0
CCC0
CCC0
CCC0
CCC0
CCC0
CCC0
CCC0
CCC0
FFC0
7F80
0C00
0C00
0C00
0C00
0C00
0C00
0C00
0C00
0000
0000
0000
ENDCHAR
STARTCHAR U+03A9
ENCODING 937
SWIDTH 500 0
DWIDTH 12 0
BBX 12 24 0 0
BITMAP 
0000
7F80
7FC0
E0C0
C0C0
C0C0
C0C0
C0C0
C0C0
C0C0
C0C0
C0C0
C0C0
E1C0
7380
3300
1B00
1B00
1B00
FBC0
FBC0
0000
0000
0000
ENDCHAR
STARTCHAR U+03AA
ENCODING 938
SWIDTH 500 0
DWIDTH 12 0
BBX 12 24 0 0
BITMAP 
6300
6300
6300
0000
0000
0000
7F80
7F80
0C00
0C00
0C00
0C00
0C00
0C00
0C00
0C00
0C00
0C00
0C00
7F80
7F80
0000
0000
0000
ENDCHAR
STARTCHAR U+03AB
ENCODING 939
SWIDTH 500 0
DWIDTH 12 0
BBX 12 24 0 0
BITMAP 
0000
6200
6300
6200
0000
0000
8040
C0C0
C0C0
E0C0
61C0
7380
3F00
1E00
0E00
0C00
0C00
0C00
0C00
0C00
0C00
0000
0000
0000
ENDCHAR
STARTCHAR U+03AC
ENCODING 940
SWIDTH 500 0
DWIDTH 12 0
BBX 12 24 0 0
BITMAP 
0000
0380
0700
0E00
1C00
1800
0000
0000
0000
7CC0
FEC0
C7C0
C380
C180
C180
C180
C180
C380
C7C0
FEC0
7CC0
0000
0000
0000
ENDCHAR
STARTCHAR U+03AD
ENCODING 941
SWIDTH 500 0
DWIDTH 12 0
BBX 12 24 0 0
BITMAP 
0000
0380
0700
0E00
1C00
1800
0000
0000
0000
7FC0
FFC0
C000
C000
FF00
7F80
E000
C000
C000
C000
FFC0
7FC0
0000
0000
0000
ENDCHAR
STARTCHAR U+03AE
ENCODING 942
SWIDTH 500 0
DWIDTH 12 0
BBX 12 24 0 0
BITMAP 
0000
0380
0700
0E00
1C00
1800
0000
0000
0900
FF80
FFC0
F0C0
C0C0
C0C0
C0C0
C0C0
C0C0
C0C0
C0C0
C0C0
C0C0
00C0
00C0
00C0
ENDCHAR
STARTCHAR U+03AF
ENCODING 943
SWIDTH 500 0
DWIDTH 12 0
BBX 12 24 0 0
BITMAP 
0000
0180
0380
0700
0E00
0C00
0000
0000
1800
3C00
1C00
0C00
0C00
0C00
0C00
0C00
0C00
0C00
0C00
0F80
0780
0000
0000
0000
ENDCHAR
STARTCHAR U+03B0
ENCODING 944
SWIDTH 500 0
DWIDTH 12 0
BBX 12 24 0 0
BITMAP 
0000
0380
0700
0E00
1C00
C900
C180
C180
0100
8040
C0C0
C0C0
C0C0
C0C0
C0C0
C0C0
C0C0
C0C0
C0C0
FFC0
7F80
0000
0000
0000
ENDCHAR
STARTCHAR U+03B1
ENCODING 945
SWIDTH 500 0
DWIDTH 12 0
BBX 12 24 0 0
BITMAP 
0000
0000
0000
0000
0000
0000
38C0
7CC0
EEC0
C7C0
C380
C180
C180
C180
C180
C180
C380
C7C0
CEC0
FCC0
78C0
0000
0000
0000
ENDCHAR
STARTCHAR U+03B2
ENCODING 946
SWIDTH 500 0
DWIDTH 12 0
BBX 12 24 0 0
BITMAP 
0000
3E00
7F00
E380
C180
C180
C180
C180
C380
FF80
FFC0
C0C0
C0C0
C0C0
C0C0
C0C0
E0C0
F0C0
FFC0
DF80
C000
C000
C000
C000
ENDCHAR
STARTCHAR U+03B3
ENCODING 947
SWIDTH 500 0
DWIDTH 12 0
BBX 12 24 0 0
BITMAP 
0000
0000
0000
0000
0000
0000
7040
78C0
F8C0
DCC0
0DC0
0F80
0780
0700
0600
0600
0E00
0C00
1C00
1800
1800
1800
1800
1800
ENDCHAR
STARTCHAR U+03B4
ENCODING 948
SWIDTH 500 0
DWIDTH 12 0
BBX 12 24 0 0
BITMAP 
0000
1F00
3F80
3000
3000
3000
3000
3000
3800
1C00
0E00
2700
7380
E1C0
C0C0
C0C0
C0C0
C0C0
E0C0
7FC0
7F80
0000
0000
0000
ENDCHAR
STARTCHAR U+03B5
ENCODING 949
SWIDTH 500 0
DWIDTH 12 0
BBX 12 24 0 0
BITMAP 
0000
0000
0000
0000
0000
0000
3F80
7F80
E1C0
C0C0
C000
E000
7F80
FF00
C000
C000
C000
C040
C0C0
FFC0
7F80
0000
0000
0000
ENDCHAR
STARTCHAR U+03B6
ENCODING 950
SWIDTH 500 0
DWIDTH 12 0
BBX 12 24 0 0
BITMAP 
0000
C000
C000
C000
E000
7F00
3F00
1E00
1C00
3800
7000
E000
C000
C000
C000
C000
C000
E000
7F00
3F80
01C0
01C0
3F80
3F00
ENDCHAR
STARTCHAR U+03B7
ENCODING 951
SWIDTH 500 0
DWIDTH 12 0
BBX 12 24 0 0
BITMAP 
0000
0000
0000
0000
0000
0000
DF80
FFC0
F0C0
E0C0
C0C0
C0C0
C0C0
C0C0
C0C0
C0C0
C0C0
C0C0
C0C0
C0C0
80C0
00C0
00C0
00C0
ENDCHAR
STARTCHAR U+03B8
ENCODING 952
SWIDTH 500 0
DWIDTH 12 0
BBX 12 24 0 0
BITMAP 
0000
0E00
1F00
1F00
3B80
3180
71C0
60C0
60C0
7FC0
7FC0
60C0
60C0
60C0
31C0
3180
3980
1B00
1F00
1F00
0E00
0000
0000
0000
ENDCHAR
STARTCHAR U+03B9
ENCODING 953
SWIDTH 500 0
DWIDTH 12 0
BBX 12 24 0 0
BITMAP 
0000
0000
0000
0000
0000
0000
1C00
1C00
0C00
0C00
0C00
0C00
0C00
0C00
0C00
0C00
0C00
0C00
0E00
0780
0380
0000
0000
0000
ENDCHAR
STARTCHAR U+03BA
ENCODING 954
SWIDTH 500 0
DWIDTH 12 0
BBX 12 24 0 0
BITMAP 
0000
0000
0000
0000
0000
0000
C0C0
C1C0
C380
C700
CE00
DC00
F800
F000
F800
FC00
CE00
C700
C380
C1C0
C0C0
0000
0000
0000
ENDCHAR
STARTCHAR U+03BB
ENCODING 955
SWIDTH 500 0
DWIDTH 12 0
BBX 12 24 0 0
BITMAP 
0000
2000
3000
3000
3800
1800
1800
1C00
0C00
0C00
0600
1E00
1F00
3B00
3300
7380
6180
C180
C0C0
C0C0
C0C0
0000
0000
0000
ENDCHAR
STARTCHAR U+03BC
ENCODING 956
SWIDTH 500 0
DWIDTH 12 0
BBX 12 24 0 0
BITMAP 
0000
0000
0000
0000
0000
0000
C0C0
C0C0
C0C0
C0C0
C0C0
C0C0
C0C0
E1C0
F1C0
F3C0
F3C0
FFC0
DEC0
C0C0
C040
C000
C000
C000
ENDCHAR
STARTCHAR U+03BD
ENCODING 957
SWIDTH 500 0
DWIDTH 12 0
BBX 12 24 0 0
BITMAP 
0000
0000
0000
0000
0000
0000
C0C0
C0C0
C0C0
C0C0
C0C0
C0C0
C180
C380
C300
C600
CE00
DC00
D800
F800
F000
0000
0000
0000
ENDCHAR
STARTCHAR U+03BE
ENCODING 958
SWIDTH 500 0
DWIDTH 12 0
BBX 12 24 0 0
BITMAP 
0000
C000
C000
C000
E000
7F80
7F00
E000
C000
C000
E000
7F80
FF00
C000
C000
C000
FF00
7F80
01C0
00C0
00C0
00C0
3FC0
3F80
ENDCHAR
STARTCHAR U+03BF
ENCODING 959
SWIDTH 500 0
DWIDTH 12 0
BBX 12 24 0 0
BITMAP 
0000
0000
0000
0000
0000
0000
3F80
7F80
E0C0
C0C0
C0C0
C0C0
C0C0
C0C0
C0C0
C0C0
C0C0
C0C0
C0C0
FFC0
7F80
0000
0000
0000
ENDCHAR
STARTCHAR U+03C0
ENCODING 960
SWIDTH 500 0
DWIDTH 12 0
BBX 12 24 0 0
BITMAP 
0000
0000
0000
0000
0000
0000
FFC0
FFC0
7180
3180
3180
3180
3180
3180
3180
3180
3180
3180
3180
3180
3180
0000
0000
0000
ENDCHAR
STARTCHAR U+03C1
ENCODING 961
SWIDTH 500 0
DWIDTH 12 0
BBX 12 24 0 0
BITMAP 
0000
0000
0000
0000
0000
0000
3F80
7FC0
60C0
60C0
60C0
60C0
60C0
60C0
60C0
60C0
60C0
70C0
79C0
7F80
6F00
6000
6000
6000
ENDCHAR
STARTCHAR U+03C2
ENCODING 962
SWIDTH 500 0
DWIDTH 12 0
BBX 12 24 0 0
BITMAP 
0000
0000
0000
0000
0000
0000
1FC0
3FC0
7000
E000
C000
C000
C000
C000
E000
7000
3800
3F80
1FC0
00C0
00C0
00C0
0FC0
1F80
ENDCHAR
STARTCHAR U+03C3
ENCODING 963
SWIDTH 500 0
DWIDTH 12 0
BBX 12 24 0 0
BITMAP 
0000
0000
0000
0000
0000
0000
7FC0
FFC0
CC00
CE00
C700
C700
C300
C300
C300
C300
C300
C700
C700
FE00
7C00
0000
0000
0000
ENDCHAR
STARTCHAR U+03C4
ENCODING 964
SWIDTH 500 0
DWIDTH 12 0
BBX 12 24 0 0
BITMAP 
0000
0000
0000
0000
0000
0000
FFC0
FFC0
1800
1800
1800
1800
1800
1800
1800
1800
1800
1800
1C00
0F00
0780
0000
0000
0000
ENDCHAR
STARTCHAR U+03C5
ENCODING 965
SWIDTH 500 0
DWIDTH 12 0
BBX 12 24 0 0
BITMAP 
0000
0000
0000
0000
0000
0000
C0C0
C0C0
C0C0
C0C0
C0C0
C0C0
C0C0
C0C0
C0C0
C0C0
C0C0
C0C0
C0C0
FFC0
7F80
0000
0000
0000
ENDCHAR
STARTCHAR U+03C6
ENCODING 966
SWIDTH 500 0
DWIDTH 12 0
BBX 12 24 0 0
BITMAP 
0000
2380
6780
EFC0
CCC0
CCC0
CCC0
CCC0
CCC0
CCC0
CCC0
CCC0
CCC0
CCC0
CCC0
CCC0
CCC0
FFC0
7F80
0C00
0C00
0C00
0C00
0C00
ENDCHAR
STARTCHAR U+03C7
ENCODING 967
SWIDTH 500 0
DWIDTH 12 0
BBX 12 24 0 0
BITMAP 
0000
0000
0000
0000
0000
0000
E040
F0C0
30C0
38C0
19C0
1980
1F00
1F00
0E00
0E00
3E00
3600
6600
6600
C700
C300
C3C0
C1C0
ENDCHAR
STARTCHAR U+03C8
ENCODING 968
SWIDTH 500 0
DWIDTH 12 0
BBX 12 24 0 0
BITMAP 
0000
0000
0000
CC40
CCC0
CCC0
CCC0
CCC0
CCC0
CCC0
CCC0
CCC0
CCC0
CCC0
CCC0
CCC0
CCC0
ECC0
7FC0
7F80
0C00
0C00
0C00
0C00
ENDCHAR
STARTCHAR U+03C9
ENCODING 969
SWIDTH 500 0
DWIDTH 12 0
BBX 12 24 0 0
BITMAP 
0000
0000
0000
0000
0000
0000
6180
E1C0
C0C0
C0C0
C0C0
C0C0
CCC0
CCC0
CCC0
CCC0
CCC0
CCC0
CEC0
FFC0
7F80
0000
0000
0000
ENDCHAR
STARTCHAR U+03CA
ENCODING 970
SWIDTH 500 0
DWIDTH 12 0
BBX 12 24 0 0
BITMAP 
0000
0000
6180
6180
6180
0000
0000
0000
7800
7800
1800
1800
1800
1800
1800
1800
1800
1800
1C00
1F80
0780
0000
0000
0000
ENDCHAR
STARTCHAR U+03CB
ENCODING 971
SWIDTH 500 0
DWIDTH 12 0
BBX 12 24 0 0
BITMAP 
0000
0000
3180
3180
3180
0000
0000
0000
C040
C0C0
C0C0
C0C0
C0C0
C0C0
C0C0
C0C0
C0C0
C0C0
C0C0
FFC0
7F80
0000
0000
0000
ENDCHAR
STARTCHAR U+03CC
ENCODING 972
SWIDTH 500 0
DWIDTH 12 0
BBX 12 24 0 0
BITMAP 
0000
0380
0700
0E00
1C00
1800
0000
0000
0100
7F80
FFC0
C0C0
C0C0
C0C0
C0C0
C0C0
C0C0
C0C0
C0C0
FFC0
7F80
0000
0000
0000
ENDCHAR
STARTCHAR U+03CD
ENCODING 973
SWIDTH 500 0
DWIDTH 12 0
BBX 12 24 0 0
BITMAP 
0000
0380
0700
0E00
1C00
1800
0000
0000
0000
C0C0
C0C0
C0C0
C0C0
C0C0
C0C0
C0C0
C0C0
C0C0
C0C0
FFC0
7F80
0000
0000
0000
ENDCHAR
STARTCHAR U+03CE
ENCODING 974
SWIDTH 500 0
DWIDTH 12 0
BBX 12 24 0 0
BITMAP 
0000
0600
0E00
1C00
1800
1800
0000
0000
0000
6180
E1C0
C0C0
C0C0
CCC0
CCC0
CCC0
CCC0
CCC0
CCC0
FFC0
7F80
0000
0000
0000
ENDCHAR
STARTCHAR U+0401
ENCODING 1025
SWIDTH 500 0
DWIDTH 12 0
BBX 12 24 0 0
BITMAP 
3180
3180
3180
0000
0000
0000
7FC0
7FC0
6000
6000
6000
6000
7F80
7F80
6000
6000
6000
6000
6000
7FC0
7FC0
0000
0000
0000
ENDCHAR
STARTCHAR U+0402
ENCODING 1026
SWIDTH 500 0
DWIDTH 12 0
BBX 12 24 0 0
BITMAP 
0000
FF80
FF80
1800
1800
1800
1800
1800
1800
1F80
1FC0
18C0
18C0
18C0
18C0
18C0
18C0
18C0
18C0
1BC0
1380
0000
0000
0000
ENDCHAR
STARTCHAR U+0403
ENCODING 1027
SWIDTH 500 0
DWIDTH 12 0
BBX 12 24 0 0
BITMAP 
0780
1F80
3C00
0000
0000
0000
7FC0
7FC0
6000
6000
6000
6000
6000
6000
6000
6000
6000
6000
6000
6000
6000
0000
0000
0000
ENDCHAR
STARTCHAR U+0404
ENCODING 1028
SWIDTH 500 0
DWIDTH 12 0
BBX 12 24 0 0
BITMAP 
0000
1F80
3F80
31C0
70C0
E000
C000
C000
C000
FF00
FF80
C000
C000
C000
C000
C000
E000
60C0
70C0
3FC0
1F80
0000
0000
0000
ENDCHAR
STARTCHAR U+0405
ENCODING 1029
SWIDTH 500 0
DWIDTH 12 0
BBX 12 24 0 0
BITMAP 
0000
3F80
7F80
E1C0
C0C0
C0C0
C0C0
C000
E000
7800
3C00
0E00
0780
01C0
00C0
C0C0
C0C0
C0C0
E0C0
7FC0
7F80
0000
0000
0000
ENDCHAR
STARTCHAR U+0406
ENCODING 1030
SWIDTH 500 0
DWIDTH 12 0
BBX 12 24 0 0
BITMAP 
0000
7F80
7F80
0C00
0C00
0C00
0C00
0C00
0C00
0C00
0C00
0C00
0C00
0C00
0C00
0C00
0C00
0C00
0C00
7F80
7F80
0000
0000
0000
ENDCHAR
STARTCHAR U+0407
ENCODING 1031
SWIDTH 500 0
DWIDTH 12 0
BBX 12 24 0 0
BITMAP 
6300
6300
6300
0000
0000
0000
7F80
7F80
0C00
0C00
0C00
0C00
0C00
0C00
0C00
0C00
0C00
0C00
0C00
7F80
7F80
0000
0000
0000
ENDCHAR
STARTCHAR U+0408
ENCODING 1032
SWIDTH 500 0
DWIDTH 12 0
BBX 12 24 0 0
BITMAP 
0000
0F80
0F80
0300
0300
0300
0300
0300
0300
0300
0300
0300
0300
0300
0300
C300
C300
C300
C700
FE00
7C00
0000
0000
0000
ENDCHAR
STARTCHAR U+0409
ENCODING 1033
SWIDTH 500 0
DWIDTH 12 0
BBX 12 24 0 0
BITMAP 
0000
7E00
7E00
6600
6600
6600
6600
6600
6600
6780
67C0
66C0
66C0
66C0
66C0
66C0
66C0
66C0
E6C0
C7C0
C780
0000
0000
0000
ENDCHAR
STARTCHAR U+040A
ENCODING 1034
SWIDTH 500 0
DWIDTH 12 0
BBX 12 24 0 0
BITMAP 
0000
CC00
CC00
CC00
CC00
CC00
CC00
CC00
CC00
FF80
FFC0
CCC0
CCC0
CCC0
CCC0
CCC0
CCC0
CCC0
CCC0
CFC0
CF80
0000
0000
0000
ENDCHAR
STARTCHAR U+040B
ENCODING 1035
SWIDTH 500 0
DWIDTH 12 0
BBX 12 24 0 0
BITMAP 
0000
FF80
FF80
1800
1800
1800
1800
1800
1800
1F80
1FC0
18C0
18C0
18C0
18C0
18C0
18C0
18C0
18C0
18C0
18C0
0000
0000
0000
ENDCHAR
STARTCHAR U+040C
ENCODING 1036
SWIDTH 500 0
DWIDTH 12 0
BBX 12 24 0 0
BITMAP 
0780
3F00
3C00
0000
0000
0000
C1C0
C3C0
C700
C600
CC00
DC00
F800
F000
F000
F800
DE00
CF00
C380
C1C0
C0C0
0000
0000
0000
ENDCHAR
STARTCHAR U+040E
ENCODING 1038
SWIDTH 500 0
DWIDTH 12 0
BBX 12 24 0 0
BITMAP 
C180
C180
C380
FF00
7E00
0000
C0C0
C0C0
E1C0
6180
7380
3300
3B00
1E00
1E00
0C00
0C00
1C00
1800
3800
7800
0000
0000
0000
ENDCHAR
STARTCHAR U+040F
ENCODING 1039
SWIDTH 500 0
DWIDTH 12 0
BBX 12 24 0 0
BITMAP 
0000
C040
C0C0
C0C0
C0C0
C0C0
C0C0
C0C0
C0C0
C0C0
C0C0
C0C0
C0C0
C0C0
C0C0
C0C0
C0C0
C0C0
FFC0
FFC0
0C00
0C00
0C00
0C00
ENDCHAR
STARTCHAR U+0410
ENCODING 1040
SWIDTH 500 0
DWIDTH 12 0
BBX 12 24 0 0
BITMAP 
0000
1E00
1E00
3B00
3380
7180
61C0
C0C0
C0C0
C0C0
C0C0
FFC0
FFC0
C0C0
C0C0
C0C0
C0C0
C0C0
C0C0
C0C0
C0C0
0000
0000
0000
ENDCHAR
STARTCHAR U+0411
ENCODING 1041
SWIDTH 500 0
DWIDTH 12 0
BBX 12 24 0 0
BITMAP 
0000
FF00
FF80
C000
C000
C000
C000
C000
C000
FF00
FF80
C1C0
C0C0
C0C0
C0C0
C0C0
C0C0
C0C0
C0C0
FFC0
FF80
0000
0000
0000
ENDCHAR
STARTCHAR U+0412
ENCODING 1042
SWIDTH 500 0
DWIDTH 12 0
BBX 12 24 0 0
BITMAP 
0000
FF80
FF80
C1C0
C0C0
C0C0
C0C0
C0C0
C0C0
FF80
FF80
C1C0
C0C0
C0C0
C0C0
C0C0
C0C0
C0C0
C0C0
FFC0
FF80
0000
0000
0000
ENDCHAR
STARTCHAR U+0413
ENCODING 1043
SWIDTH 500 0
DWIDTH 12 0
BBX 12 24 0 0
BITMAP 
0000
7FC0
7FC0
6000
6000
6000
6000
6000
6000
6000
6000
6000
6000
6000
6000
6000
6000
6000
6000
6000
6000
0000
0000
0000
ENDCHAR
STARTCHAR U+0414
ENCODING 1044
SWIDTH 500 0
DWIDTH 12 0
BBX 12 24 0 0
BITMAP 
0000
0780
0F80
0D80
1D80
1980
1980
1980
1980
1980
3980
3180
3180
3180
7180
6180
6180
6180
7FC0
FFC0
E0C0
C0C0
C0C0
C0C0
ENDCHAR
STARTCHAR U+0415
ENCODING 1045
SWIDTH 500 0
DWIDTH 12 0
BBX 12 24 0 0
BITMAP 
0000
7FC0
7FC0
6000
6000
6000
6000
6000
6000
7F80
7F80
6000
6000
6000
6000
6000
6000
6000
6000
7FC0
7FC0
0000
0000
0000
ENDCHAR
STARTCHAR U+0416
ENCODING 1046
SWIDTH 500 0
DWIDTH 12 0
BBX 12 24 0 0
BITMAP 
0000
CC40
CCC0
CCC0
ECC0
6DC0
6D80
6D80
3F80
3F00
3F00
3F00
3F00
3F00
7F80
6D80
EDC0
CCC0
CCC0
CCC0
CCC0
0000
0000
0000
ENDCHAR
STARTCHAR U+0417
ENCODING 1047
SWIDTH 500 0
DWIDTH 12 0
BBX 12 24 0 0
BITMAP 
0000
3F80
7F80
E1C0
C0C0
00C0
00C0
00C0
00C0
3FC0
3F80
0180
0180
01C0
00C0
00C0
00C0
C0C0
E0C0
7FC0
7F80
0000
0000
0000
ENDCHAR
STARTCHAR U+0418
ENCODING 1048
SWIDTH 500 0
DWIDTH 12 0
BBX 12 24 0 0
BITMAP 
0000
60C0
60C0
60C0
61C0
61C0
63C0
63C0
67C0
66C0
66C0
6EC0
6CC0
7CC0
78C0
78C0
70C0
70C0
70C0
60C0
60C0
0000
0000
0000
ENDCHAR
STARTCHAR U+0419
ENCODING 1049
SWIDTH 500 0
DWIDTH 12 0
BBX 12 24 0 0
BITMAP 
3180
1F80
1F00
0400
0000
60C0
60C0
61C0
61C0
63C0
63C0
66C0
66C0
6EC0
6CC0
78C0
78C0
70C0
70C0
60C0
60C0
0000
0000
0000
ENDCHAR
STARTCHAR U+041A
ENCODING 1050
SWIDTH 500 0
DWIDTH 12 0
BBX 12 24 0 0
BITMAP 
0000
C1C0
C3C0
C300
C700
C600
CE00
CC00
DC00
D800
F800
F000
F000
F800
DC00
CE00
C700
C300
C180
C1C0
C0C0
0000
0000
0000
ENDCHAR
STARTCHAR U+041B
ENCODING 1051
SWIDTH 500 0
DWIDTH 12 0
BBX 12 24 0 0
BITMAP 
0000
1FC0
1FC0
18C0
18C0
18C0
18C0
18C0
18C0
18C0
18C0
18C0
18C0
18C0
18C0
38C0
30C0
70C0
60C0
C0C0
C0C0
0000
0000
0000
ENDCHAR
STARTCHAR U+041C
ENCODING 1052
SWIDTH 500 0
DWIDTH 12 0
BBX 12 24 0 0
BITMAP 
0000
C0C0
C0C0
C0C0
C0C0
E1C0
E1C0
E1C0
F3C0
FFC0
DEC0
DEC0
DEC0
C0C0
C0C0
C0C0
C0C0
C0C0
C0C0
C0C0
C0C0
0000
0000
0000
ENDCHAR
STARTCHAR U+041D
ENCODING 1053
SWIDTH 500 0
DWIDTH 12 0
BBX 12 24 0 0
BITMAP 
0000
C0C0
C0C0
C0C0
C0C0
C0C0
C0C0
C0C0
C0C0
FFC0
FFC0
C0C0
C0C0
C0C0
C0C0
C0C0
C0C0
C0C0
C0C0
C0C0
C0C0
0000
0000
0000
ENDCHAR
STARTCHAR U+041E
ENCODING 1054
SWIDTH 500 0
DWIDTH 12 0
BBX 12 24 0 0
BITMAP 
0000
3F80
7F80
E1C0
C0C0
C0C0
C0C0
C0C0
C0C0
C0C0
C0C0
C0C0
C0C0
C0C0
C0C0
C0C0
C0C0
C0C0
E0C0
7FC0
7F80
0000
0000
0000
ENDCHAR
STARTCHAR U+041F
ENCODING 1055
SWIDTH 500 0
DWIDTH 12 0
BBX 12 24 0 0
BITMAP 
0000
FFC0
FFC0
C0C0
C0C0
C0C0
C0C0
C0C0
C0C0
C0C0
C0C0
C0C0
C0C0
C0C0
C0C0
C0C0
C0C0
C0C0
C0C0
C0C0
C0C0
0000
0000
0000
ENDCHAR
STARTCHAR U+0420
ENCODING 1056
SWIDTH 500 0
DWIDTH 12 0
BBX 12 24 0 0
BITMAP 
0000
FF80
FF80
C1C0
C0C0
C0C0
C0C0
C0C0
C0C0
FFC0
FF80
C000
C000
C000
C000
C000
C000
C000
C000
C000
C000
0000
0000
0000
ENDCHAR
STARTCHAR U+0421
ENCODING 1057
SWIDTH 500 0
DWIDTH 12 0
BBX 12 24 0 0
BITMAP 
0000
3F80
7F80
E1C0
C0C0
C0C0
C0C0
C000
C000
C000
C000
C000
C000
C000
C000
C0C0
C0C0
C0C0
E0C0
7FC0
7F80
0000
0000
0000
ENDCHAR
STARTCHAR U+0422
ENCODING 1058
SWIDTH 500 0
DWIDTH 12 0
BBX 12 24 0 0
BITMAP 
0000
FFC0
FFC0
0C00
0C00
0C00
0C00
0C00
0C00
0C00
0C00
0C00
0C00
0C00
0C00
0C00
0C00
0C00
0C00
0C00
0C00
0000
0000
0000
ENDCHAR
STARTCHAR U+0423
ENCODING 1059
SWIDTH 500 0
DWIDTH 12 0
BBX 12 24 0 0
BITMAP 
0000
C040
C0C0
C0C0
E1C0
6180
6180
3380
3300
3300
1F00
1E00
1E00
0C00
0C00
0C00
1C00
1800
1800
7800
7800
0000
0000
0000
ENDCHAR
STARTCHAR U+0424
ENCODING 1060
SWIDTH 500 0
DWIDTH 12 0
BBX 12 24 0 0
BITMAP 
0000
0C00
0C00
7F80
FFC0
CCC0
CCC0
CCC0
CCC0
CCC0
CCC0
CCC0
CCC0
EDC0
7FC0
3F80
0C00
0C00
0C00
0C00
0C00
0000
0000
0000
ENDCHAR
STARTCHAR U+0425
ENCODING 1061
SWIDTH 500 0
DWIDTH 12 0
BBX 12 24 0 0
BITMAP 
0000
C0C0
C0C0
E0C0
61C0
6180
7180
3380
3300
3300
1F00
1E00
1E00
3F00
3300
7180
61C0
C0C0
C0C0
C0C0
C0C0
0000
0000
0000
ENDCHAR
STARTCHAR U+0426
ENCODING 1062
SWIDTH 500 0
DWIDTH 12 0
BBX 12 24 0 0
BITMAP 
0000
C180
C180
C180
C180
C180
C180
C180
C180
C180
C180
C180
C180
C180
C180
C180
C180
C180
FFC0
FFC0
00C0
00C0
00C0
00C0
ENDCHAR
STARTCHAR U+0427
ENCODING 1063
SWIDTH 500 0
DWIDTH 12 0
BBX 12 24 0 0
BITMAP 
0000
C0C0
C0C0
C0C0
C0C0
C0C0
C0C0
C0C0
C0C0
C0C0
C0C0
C1C0
E3C0
7FC0
3EC0
00C0
00C0
00C0
00C0
00C0
00C0
0000
0000
0000
ENDCHAR
STARTCHAR U+0428
ENCODING 1064
SWIDTH 500 0
DWIDTH 12 0
BBX 12 24 0 0
BITMAP 
0000
CC40
CCC0
CCC0
CCC0
CCC0
CCC0
CCC0
CCC0
CCC0
CCC0
CCC0
CCC0
CCC0
CCC0
CCC0
CCC0
CCC0
CCC0
FFC0
FFC0
0000
0000
0000
ENDCHAR
STARTCHAR U+0429
ENCODING 1065
SWIDTH 500 0
DWIDTH 12 0
BBX 12 24 0 0
BITMAP 
0000
C980
D980
D980
D980
D980
D980
D980
D980
D980
D980
D980
D980
D980
D980
D980
D980
D980
FFC0
FFC0
00C0
00C0
00C0
00C0
ENDCHAR
STARTCHAR U+042A
ENCODING 1066
SWIDTH 500 0
DWIDTH 12 0
BBX 12 24 0 0
BITMAP 
0000
F000
F800
1800
1800
1800
1800
1800
1800
1F80
1FC0
18C0
18C0
18C0
18C0
18C0
18C0
18C0
18C0
1FC0
1F80
0000
0000
0000
ENDCHAR
STARTCHAR U+042B
ENCODING 1067
SWIDTH 500 0
DWIDTH 12 0
BBX 12 24 0 0
BITMAP 
0000
C0C0
C0C0
C0C0
C0C0
C0C0
C0C0
C0C0
C0C0
F8C0
FCC0
CEC0
C6C0
C6C0
C6C0
C6C0
C6C0
C6C0
CEC0
FCC0
F8C0
0000
0000
0000
ENDCHAR
STARTCHAR U+042C
ENCODING 1068
SWIDTH 500 0
DWIDTH 12 0
BBX 12 24 0 0
BITMAP 
0000
C000
C000
C000
C000
C000
C000
C000
C000
FF00
FF80
C1C0
C0C0
C0C0
C0C0
C0C0
C0C0
C0C0
C0C0
FFC0
FF80
0000
0000
0000
ENDCHAR
STARTCHAR U+042D
ENCODING 1069
SWIDTH 500 0
DWIDTH 12 0
BBX 12 24 0 0
BITMAP 
0000
3E00
7F00
E380
C180
01C0
00C0
00C0
00C0
3FC0
3FC0
00C0
00C0
00C0
00C0
00C0
00C0
C1C0
E380
7F00
7E00
0000
0000
0000
ENDCHAR
STARTCHAR U+042E
ENCODING 1070
SWIDTH 500 0
DWIDTH 12 0
BBX 12 24 0 0
BITMAP 
0000
C780
CF80
DDC0
D8C0
D8C0
D8C0
D8C0
D8C0
F8C0
F8C0
D8C0
D8C0
D8C0
D8C0
D8C0
D8C0
D8C0
DCC0
CFC0
C780
0000
0000
0000
ENDCHAR
STARTCHAR U+042F
ENCODING 1071
SWIDTH 500 0
DWIDTH 12 0
BBX 12 24 0 0
BITMAP 
0000
3FC0
7FC0
E0C0
C0C0
C0C0
C0C0
C0C0
E0C0
7FC0
3FC0
18C0
38C0
30C0
30C0
70C0
60C0
60C0
E0C0
C0C0
C0C0
0000
0000
0000
ENDCHAR
STARTCHAR U+0430
ENCODING 1072
SWIDTH 500 0
DWIDTH 12 0
BBX 12 24 0 0
BITMAP 
0000
0000
0000
0000
0000
0000
3F80
7F80
E0C0
C0C0
00C0
00C0
7FC0
FFC0
C0C0
C0C0
C0C0
C1C0
C3C0
FFC0
7EC0
0000
0000
0000
ENDCHAR
STARTCHAR U+0431
ENCODING 1073
SWIDTH 500 0
DWIDTH 12 0
BBX 12 24 0 0
BITMAP 
00C0
01C0
1F80
3F00
7000
E000
C000
FF80
FFC0
C0C0
C0C0
C0C0
C0C0
C0C0
C0C0
C0C0
C0C0
C0C0
C0C0
FFC0
7F80
0000
0000
0000
ENDCHAR
STARTCHAR U+0432
ENCODING 1074
SWIDTH 500 0
DWIDTH 12 0
BBX 12 24 0 0
BITMAP 
0000
0000
0000
0000
0000
0000
FF80
FF80
C1C0
C0C0
C0C0
C1C0
FF80
FFC0
C0C0
C0C0
C0C0
C0C0
C0C0
FFC0
FF80
0000
0000
0000
ENDCHAR
STARTCHAR U+0433
ENCODING 1075
SWIDTH 500 0
DWIDTH 12 0
BBX 12 24 0 0
BITMAP 
0000
0000
0000
0000
0000
0000
7F80
7F80
6000
6000
6000
6000
6000
6000
6000
6000
6000
6000
6000
6000
6000
0000
0000
0000
ENDCHAR
STARTCHAR U+0434
ENCODING 1076
SWIDTH 500 0
DWIDTH 12 0
BBX 12 24 0 0
BITMAP 
0000
0000
0000
0000
0000
0000
1F80
3F80
3180
3180
3180
6180
6180
6180
E180
C180
C180
C180
C180
C180
FFC0
FFC0
C0C0
C0C0
ENDCHAR
STARTCHAR U+0435
ENCODING 1077
SWIDTH 500 0
DWIDTH 12 0
BBX 12 24 0 0
BITMAP 
0000
0000
0000
0000
0000
0000
3F80
7F80
E0C0
C0C0
C0C0
C0C0
FFC0
FFC0
C000
C000
C000
C040
C0C0
FFC0
7F80
0000
0000
0000
ENDCHAR
STARTCHAR U+0436
ENCODING 1078
SWIDTH 500 0
DWIDTH 12 0
BBX 12 24 0 0
BITMAP 
0000
0000
0000
0000
0000
0000
C0C0
C0C0
C0C0
C1C0
0380
0300
0700
0E00
1F00
3B80
7180
E1C0
C0C0
C0C0
C0C0
0000
0000
0000
ENDCHAR
STARTCHAR U+0437
ENCODING 1079
SWIDTH 500 0
DWIDTH 12 0
BBX 12 24 0 0
BITMAP 
0000
0000
0000
0000
0000
0000
3F80
7F80
E1C0
C0C0
00C0
01C0
3F80
3F80
0180
01C0
00C0
80C0
C0C0
FFC0
7F80
0000
0000
0000
ENDCHAR
STARTCHAR U+0438
ENCODING 1080
SWIDTH 500 0
DWIDTH 12 0
BBX 12 24 0 0
BITMAP 
0000
0000
0000
0000
0000
0000
61C0
61C0
63C0
63C0
67C0
66C0
66C0
6EC0
6CC0
6CC0
7CC0
78C0
78C0
78C0
70C0
0000
0000
0000
ENDCHAR
STARTCHAR U+0439
ENCODING 1081
SWIDTH 500 0
DWIDTH 12 0
BBX 12 24 0 0
BITMAP 
0000
3180
3F80
1F00
0E00
0000
0000
0080
61C0
63C0
63C0
63C0
66C0
66C0
6EC0
6CC0
6CC0
7CC0
78C0
78C0
70C0
0000
0000
0000
ENDCHAR
STARTCHAR U+043A
ENCODING 1082
SWIDTH 500 0
DWIDTH 12 0
BBX 12 24 0 0
BITMAP 
0000
0000
0000
0000
0000
0000
C1C0
C3C0
C700
CE00
DC00
F800
F000
F800
DC00
CE00
C600
C700
C380
C1C0
C0C0
0000
0000
0000
ENDCHAR
STARTCHAR U+043B
ENCODING 1083
SWIDTH 500 0
DWIDTH 12 0
BBX 12 24 0 0
BITMAP 
0000
0000
0000
0000
0000
0000
1FC0
1FC0
18C0
18C0
18C0
18C0
18C0
18C0
18C0
38C0
30C0
70C0
60C0
E0C0
C0C0
0000
0000
0000
ENDCHAR
STARTCHAR U+043C
ENCODING 1084
SWIDTH 500 0
DWIDTH 12 0
BBX 12 24 0 0
BITMAP 
0000
0000
0000
0000
0000
0000
C0C0
E0C0
E1C0
F3C0
F3C0
DFC0
DEC0
CEC0
DEC0
CCC0
C0C0
C0C0
C0C0
C0C0
C0C0
0000
0000
0000
ENDCHAR
STARTCHAR U+043D
ENCODING 1085
SWIDTH 500 0
DWIDTH 12 0
BBX 12 24 0 0
BITMAP 
0000
0000
0000
0000
0000
0000
C0C0
C0C0
C0C0
C0C0
C0C0
C0C0
FFC0
FFC0
C0C0
C0C0
C0C0
C0C0
C0C0
C0C0
C0C0
0000
0000
0000
ENDCHAR
STARTCHAR U+043E
ENCODING 1086
SWIDTH 500 0
DWIDTH 12 0
BBX 12 24 0 0
BITMAP 
0000
0000
0000
0000
0000
0000
3F80
7F80
E0C0
C0C0
C0C0
C0C0
C0C0
C0C0
C0C0
C0C0
C0C0
C0C0
C0C0
FFC0
7F80
0000
0000
0000
ENDCHAR
STARTCHAR U+043F
ENCODING 1087
SWIDTH 500 0
DWIDTH 12 0
BBX 12 24 0 0
BITMAP 
0000
0000
0000
0000
0000
0000
FFC0
FFC0
C0C0
C0C0
C0C0
C0C0
C0C0
C0C0
C0C0
C0C0
C0C0
C0C0
C0C0
C0C0
C0C0
0000
0000
0000
ENDCHAR
STARTCHAR U+0440
ENCODING 1088
SWIDTH 500 0
DWIDTH 12 0
BBX 12 24 0 0
BITMAP 
0000
0000
0000
0000
0000
0000
DF80
FFC0
F0C0
E0C0
C0C0
C0C0
C0C0
C0C0
C0C0
C0C0
C0C0
F0C0
F9C0
DF80
CF00
C000
C000
C000
ENDCHAR
STARTCHAR U+0441
ENCODING 1089
SWIDTH 500 0
DWIDTH 12 0
BBX 12 24 0 0
BITMAP 
0000
0000
0000
0000
0000
0000
3F80
7F80
E1C0
C0C0
C000
C000
C000
C000
C000
C000
C000
C040
C0C0
FFC0
7F80
0000
0000
0000
ENDCHAR
STARTCHAR U+0442
ENCODING 1090
SWIDTH 500 0
DWIDTH 12 0
BBX 12 24 0 0
BITMAP 
0000
0000
0000
0000
0000
0000
FFC0
FFC0
0C00
0C00
0C00
0C00
0C00
0C00
0C00
0C00
0C00
0C00
0C00
0C00
0C00
0000
0000
0000
ENDCHAR
STARTCHAR U+0443
ENCODING 1091
SWIDTH 500 0
DWIDTH 12 0
BBX 12 24 0 0
BITMAP 
0000
0000
0000
0000
0000
0000
C0C0
C0C0
E1C0
6180
6180
7380
3300
3700
1E00
1E00
1E00
0C00
1C00
1800
1800
3000
F000
F000
ENDCHAR
STARTCHAR U+0444
ENCODING 1092
SWIDTH 500 0
DWIDTH 12 0
BBX 12 24 0 0
BITMAP 
0000
0C00
0C00
0C00
0C00
0C00
3F80
7FC0
ECC0
CCC0
CCC0
CCC0
CCC0
CCC0
CCC0
CCC0
CCC0
CCC0
EDC0
7F80
3F80
0C00
0C00
0C00
ENDCHAR
STARTCHAR U+0445
ENCODING 1093
SWIDTH 500 0
DWIDTH 12 0
BBX 12 24 0 0
BITMAP 
0000
0000
0000
0000
0000
0000
C0C0
C0C0
C0C0
E1C0
7380
3B00
1F00
1E00
1E00
3F00
7380
E1C0
C0C0
C0C0
C0C0
0000
0000
0000
ENDCHAR
STARTCHAR U+0446
ENCODING 1094
SWIDTH 500 0
DWIDTH 12 0
BBX 12 24 0 0
BITMAP 
0000
0000
0000
0000
0000
0000
C180
C180
C180
C180
C180
C180
C180
C180
C180
C180
C180
C180
C180
FFC0
FFC0
00C0
00C0
00C0
ENDCHAR
STARTCHAR U+0447
ENCODING 1095
SWIDTH 500 0
DWIDTH 12 0
BBX 12 24 0 0
BITMAP 
0000
0000
0000
0000
0000
0000
C0C0
C0C0
C0C0
C0C0
C0C0
C0C0
C0C0
C0C0
C3C0
FFC0
7EC0
04C0
00C0
00C0
00C0
0000
0000
0000
ENDCHAR
STARTCHAR U+0448
ENCODING 1096
SWIDTH 500 0
DWIDTH 12 0
BBX 12 24 0 0
BITMAP 
0000
0000
0000
0000
0000
0000
CCC0
CCC0
CCC0
CCC0
CCC0
CCC0
CCC0
CCC0
CCC0
CCC0
CCC0
CCC0
CCC0
FFC0
FFC0
0000
0000
0000
ENDCHAR
STARTCHAR U+0449
ENCODING 1097
SWIDTH 500 0
DWIDTH 12 0
BBX 12 24 0 0
BITMAP 
0000
0000
0000
0000
0000
0000
C980
D980
D980
D980
D980
D980
D980
D980
D980
D980
D980
D980
DDC0
FFC0
FFC0
00C0
00C0
00C0
ENDCHAR
STARTCHAR U+044A
ENCODING 1098
SWIDTH 500 0
DWIDTH 12 0
BBX 12 24 0 0
BITMAP 
0000
0000
0000
0000
0000
0000
F800
F800
1800
1800
1800
1800
1F80
1FC0
18C0
18C0
18C0
18C0
18C0
1FC0
1F80
0000
0000
0000
ENDCHAR
STARTCHAR U+044B
ENCODING 1099
SWIDTH 500 0
DWIDTH 12 0
BBX 12 24 0 0
BITMAP 
0000
0000
0000
0000
0000
0000
C0C0
C0C0
C0C0
C0C0
C0C0
C0C0
FCC0
FCC0
CEC0
C6C0
C6C0
C6C0
CEC0
FCC0
F8C0
0000
0000
0000
ENDCHAR
STARTCHAR U+044C
ENCODING 1100
SWIDTH 500 0
DWIDTH 12 0
BBX 12 24 0 0
BITMAP 
0000
0000
0000
0000
0000
0000
C000
C000
C000
C000
C000
C000
FF80
FFC0
C0C0
C0C0
C0C0
C0C0
C0C0
FFC0
FF80
0000
0000
0000
ENDCHAR
STARTCHAR U+044D
ENCODING 1101
SWIDTH 500 0
DWIDTH 12 0
BBX 12 24 0 0
BITMAP 
0000
0000
0000
0000
0000
0000
3E00
7F00
E380
C1C0
00C0
00C0
3FC0
3FC0
00C0
00C0
00C0
81C0
C380
FF00
7E00
0000
0000
0000
ENDCHAR
STARTCHAR U+044E
ENCODING 1102
SWIDTH 500 0
DWIDTH 12 0
BBX 12 24 0 0
BITMAP 
0000
0000
0000
0000
0000
0000
C780
CF80
DCC0
D8C0
D8C0
D8C0
F8C0
F8C0
D8C0
D8C0
D8C0
D8C0
DCC0
CFC0
C780
0000
0000
0000
ENDCHAR
STARTCHAR U+044F
ENCODING 1103
SWIDTH 500 0
DWIDTH 12 0
BBX 12 24 0 0
BITMAP 
0000
0000
0000
0000
0000
0000
3FC0
7FC0
E0C0
C0C0
C0C0
C0C0
C0C0
F0C0
7FC0
3FC0
18C0
38C0
70C0
E0C0
C0C0
0000
0000
0000
ENDCHAR
STARTCHAR U+0451
ENCODING 1105
SWIDTH 500 0
DWIDTH 12 0
BBX 12 24 0 0
BITMAP 
0000
0000
3180
3180
3180
0000
0000
0000
3F00
7F80
E1C0
C0C0
C0C0
FFC0
FFC0
C000
C000
C000
C0C0
FFC0
7F80
0000
0000
0000
ENDCHAR
STARTCHAR U+0452
ENCODING 1106
SWIDTH 500 0
DWIDTH 12 0
BBX 12 24 0 0
BITMAP 
6000
F000
FC00
FC00
6000
6500
7F80
7FC0
78C0
70C0
60C0
60C0
60C0
60C0
60C0
60C0
60C0
60C0
60C0
60C0
20C0
00C0
03C0
0380
ENDCHAR
STARTCHAR U+0453
ENCODING 1107
SWIDTH 500 0
DWIDTH 12 0
BBX 12 24 0 0
BITMAP 
0000
0700
1F00
3C00
1800
0000
0000
2000
7F80
7F80
6000
6000
6000
6000
6000
6000
6000
6000
6000
6000
6000
0000
0000
0000
ENDCHAR
STARTCHAR U+0454
ENCODING 1108
SWIDTH 500 0
DWIDTH 12 0
BBX 12 24 0 0
BITMAP 
0000
0000
0000
0000
0000
0000
1F80
3F80
71C0
60C0
C000
C000
FF80
FF00
C000
C000
C000
E040
70C0
3FC0
1F80
0000
0000
0000
ENDCHAR
STARTCHAR U+0455
ENCODING 1109
SWIDTH 500 0
DWIDTH 12 0
BBX 12 24 0 0
BITMAP 
0000
0000
0000
0000
0000
0000
3F80
7F80
E1C0
C0C0
C000
F000
3800
1E00
0700
03C0
01C0
80C0
C0C0
FFC0
7F80
0000
0000
0000
ENDCHAR
STARTCHAR U+0456
ENCODING 1110
SWIDTH 500 0
DWIDTH 12 0
BBX 12 24 0 0
BITMAP 
0000
0800
0C00
0C00
0800
0000
1800
1C00
1C00
0C00
0C00
0C00
0C00
0C00
0C00
0C00
0C00
0C00
0C00
3E00
3F00
0000
0000
0000
ENDCHAR
STARTCHAR U+0457
ENCODING 1111
SWIDTH 500 0
DWIDTH 12 0
BBX 12 24 0 0
BITMAP 
0000
0000
6300
6300
6300
4200
0000
1C00
3C00
0C00
0C00
0C00
0C00
0C00
0C00
0C00
0C00
0C00
0C00
7F80
7F80
0000
0000
0000
ENDCHAR
STARTCHAR U+0458
ENCODING 1112
SWIDTH 500 0
DWIDTH 12 0
BBX 12 24 0 0
BITMAP 
0000
0200
0600
0600
0200
0000
0600
0F00
0600
0600
0600
0600
0600
0600
0600
0600
0600
0600
0600
0600
4600
6E00
7C00
3800
ENDCHAR
STARTCHAR U+0459
ENCODING 1113
SWIDTH 500 0
DWIDTH 12 0
BBX 12 24 0 0
BITMAP 
0000
0000
0000
0000
0000
0000
7E00
7E00
6600
6600
6600
6600
6780
67C0
66C0
66C0
66C0
66C0
E6C0
C7C0
C780
0000
0000
0000
ENDCHAR
STARTCHAR U+045A
ENCODING 1114
SWIDTH 500 0
DWIDTH 12 0
BBX 12 24 0 0
BITMAP 
0000
0000
0000
0000
0000
0000
CC00
CC00
CC00
CC00
CC00
CC00
FF80
FFC0
CCC0
CCC0
CCC0
CCC0
CCC0
CFC0
CF80
0000
0000
0000
ENDCHAR
STARTCHAR U+045B
ENCODING 1115
SWIDTH 500 0
DWIDTH 12 0
BBX 12 24 0 0
BITMAP 
6000
F000
FC00
FC00
6000
6000
6F80
7FC0
78C0
70C0
60C0
60C0
60C0
60C0
60C0
60C0
60C0
60C0
60C0
60C0
60C0
0000
0000
0000
ENDCHAR
STARTCHAR U+045C
ENCODING 1116
SWIDTH 500 0
DWIDTH 12 0
BBX 12 24 0 0
BITMAP 
0000
0000
0780
3F00
3C00
1000
0000
0000
C1C0
C3C0
C700
CE00
DC00
F800
F800
DC00
CE00
C700
C380
C1C0
C0C0
0000
0000
0000
ENDCHAR
STARTCHAR U+045E
ENCODING 1118
SWIDTH 500 0
DWIDTH 12 0
BBX 12 24 0 0
BITMAP 
0000
C0C0
C0C0
E0C0
7FC0
3F80
0000
0000
0000
C0C0
C0C0
6180
6180
7380
3300
3F00
1E00
1E00
0C00
1C00
1800
3800
F000
F000
ENDCHAR
STARTCHAR U+045F
ENCODING 1119
SWIDTH 500 0
DWIDTH 12 0
BBX 12 24 0 0
BITMAP 
0000
0000
0000
0000
0000
0000
C0C0
C0C0
C0C0
C0C0
C0C0
C0C0
C0C0
C0C0
C0C0
C0C0
C0C0
C0C0
C0C0
FFC0
7FC0
0C00
0C00
0C00
ENDCHAR
STARTCHAR U+0490
ENCODING 1168
SWIDTH 500 0
DWIDTH 12 0
BBX 12 24 0 0
BITMAP 
00C0
00C0
00C0
7FC0
7FC0
6080
6000
6000
6000
6000
6000
6000
6000
6000
6000
6000
6000
6000
6000
6000
6000
0000
0000
0000
ENDCHAR
STARTCHAR U+0491
ENCODING 1169
SWIDTH 500 0
DWIDTH 12 0
BBX 12 24 0 0
BITMAP 
0000
0000
0000
0000
0080
0180
0180
7F80
7F80
6000
6000
6000
6000
6000
6000
6000
6000
6000
6000
6000
6000
0000
0000
0000
ENDCHAR
STARTCHAR U+0492
ENCODING 1170
SWIDTH 500 0
DWIDTH 12 0
BBX 12 24 0 0
BITMAP 
0000
1FC0
1FC0
1800
1800
1800
1800
1800
1800
1800
1800
FE00
FE00
3800
1800
1800
1800
1800
1800
1800
1800
0000
0000
0000
ENDCHAR
STARTCHAR U+0493
ENCODING 1171
SWIDTH 500 0
DWIDTH 12 0
BBX 12 24 0 0
BITMAP 
0000
0000
0000
0000
0000
0000
1FC0
1FC0
1800
1800
1800
1800
1800
1C00
7F00
7E00
1800
1800
1800
1800
1800
0000
0000
0000
ENDCHAR
STARTCHAR U+049A
ENCODING 1178
SWIDTH 500 0
DWIDTH 12 0
BBX 12 24 0 0
BITMAP 
0000
C1C0
C3C0
C300
C700
C600
CC00
CC00
D800
F800
F000
F000
F800
DC00
CC00
C600
C700
C380
C1C0
C0C0
00C0
00C0
00C0
00C0
ENDCHAR
STARTCHAR U+049B
ENCODING 1179
SWIDTH 500 0
DWIDTH 12 0
BBX 12 24 0 0
BITMAP 
0000
0000
0000
0000
0000
0000
C1C0
C3C0
C700
CE00
DC00
F800
F000
F800
DC00
CE00
C700
C380
C1C0
C0C0
80C0
00C0
00C0
00C0
ENDCHAR
STARTCHAR U+04A2
ENCODING 1186
SWIDTH 500 0
DWIDTH 12 0
BBX 12 24 0 0
BITMAP 
0000
C180
C180
C180
C180
C180
C180
C180
C180
FF80
FF80
C180
C180
C180
C180
C180
C180
C180
C1C0
C1C0
00C0
00C0
00C0
00C0
ENDCHAR
STARTCHAR U+04A3
ENCODING 1187
SWIDTH 500 0
DWIDTH 12 0
BBX 12 24 0 0
BITMAP 
0000
0000
0000
0000
0000
0000
C180
C180
C180
C180
C180
FF80
FF80
C180
C180
C180
C180
C180
C180
C1C0
80C0
00C0
00C0
00C0
ENDCHAR
STARTCHAR U+04AE
ENCODING 1198
SWIDTH 500 0
DWIDTH 12 0
BBX 12 24 0 0
BITMAP 
0000
C040
C0C0
C0C0
C0C0
E1C0
6180
7380
3300
3F00
1E00
0E00
0C00
0C00
0C00
0C00
0C00
0C00
0C00
0C00
0C00
0000
0000
0000
ENDCHAR
STARTCHAR U+04AF
ENCODING 1199
SWIDTH 500 0
DWIDTH 12 0
BBX 12 24 0 0
BITMAP 
0000
0000
0000
0000
0000
0000
C0C0
C0C0
C0C0
E1C0
6180
7380
3300
3F00
1E00
0E00
0C00
0C00
0C00
0C00
0C00
0C00
0C00
0C00
ENDCHAR
STARTCHAR U+04B0
ENCODING 1200
SWIDTH 500 0
DWIDTH 12 0
BBX 12 24 0 0
BITMAP 
0000
C040
C0C0
C0C0
C0C0
E1C0
6180
7380
3300
3F00
1E00
0E00
0C00
0C00
0C00
7F80
7F80
0C00
0C00
0C00
0C00
0000
0000
0000
ENDCHAR
STARTCHAR U+04B1
ENCODING 1201
SWIDTH 500 0
DWIDTH 12 0
BBX 12 24 0 0
BITMAP 
0000
0000
0000
0000
0000
0000
C0C0
C0C0
C0C0
E1C0
6180
7380
3300
3F00
1E00
0E00
0C00
FFC0
FFC0
0C00
0C00
0C00
0C00
0C00
ENDCHAR
STARTCHAR U+04BA
ENCODING 1210
SWIDTH 500 0
DWIDTH 12 0
BBX 12 24 0 0
BITMAP 
0000
C000
C000
C000
C000
C000
C000
DF00
FF80
F1C0
F0C0
C0C0
C0C0
C0C0
C0C0
C0C0
C0C0
C0C0
C0C0
C0C0
C0C0
0000
0000
0000
ENDCHAR
STARTCHAR U+04BB
ENCODING 1211
SWIDTH 500 0
DWIDTH 12 0
BBX 12 24 0 0
BITMAP 
8000
C000
C000
C000
C000
C000
DF80
FF80
F1C0
F0C0
C0C0
C0C0
C0C0
C0C0
C0C0
C0C0
C0C0
C0C0
C0C0
C0C0
C0C0
0000
0000
0000
ENDCHAR
STARTCHAR U+04D8
ENCODING 1240
SWIDTH 500 0
DWIDTH 12 0
BBX 12 24 0 0
BITMAP 
0000
1E00
3F00
3380
7180
E1C0
C0C0
00C0
00C0
00C0
00C0
FFC0
FFC0
C0C0
C0C0
C0C0
E0C0
61C0
7380
3F00
1E00
0000
0000
0000
ENDCHAR
STARTCHAR U+04D9
ENCODING 1241
SWIDTH 500 0
DWIDTH 12 0
BBX 12 24 0 0
BITMAP 
0000
0000
0000
0000
0000
0000
3F80
7F80
E0C0
C0C0
00C0
00C0
00C0
40C0
FFC0
FFC0
C0C0
C0C0
C0C0
FFC0
7F80
0000
0000
0000
ENDCHAR
STARTCHAR U+04E8
ENCODING 1256
SWIDTH 500 0
DWIDTH 12 0
BBX 12 24 0 0
BITMAP 
0000
3F80
7F80
E1C0
C0C0
C0C0
C0C0
C0C0
C0C0
FFC0
FFC0
C0C0
C0C0
C0C0
C0C0
C0C0
C0C0
C0C0
E0C0
7FC0
7F80
0000
0000
0000
ENDCHAR
STARTCHAR U+04E9
ENCODING 1257
SWIDTH 500 0
DWIDTH 12 0
BBX 12 24 0 0
BITMAP 
0000
0000
0000
0000
0000
0000
3F80
7F80
E0C0
C0C0
C0C0
C0C0
FFC0
FFC0
C0C0
C0C0
C0C0
C0C0
C0C0
FFC0
7F80
0000
0000
0000
ENDCHAR
STARTCHAR U+05B0
ENCODING 1456
SWIDTH 500 0
DWIDTH 12 0
BBX 12 24 0 0
BITMAP 
0000
0000
0000
0000
0000
0000
0000
0000
0000
0000
0000
0000
0000
0000
0000
0000
0000
0000
0000
0000
0400
0E00
0C00
0E00
ENDCHAR
STARTCHAR U+05B1
ENCODING 1457
SWIDTH 500 0
DWIDTH 12 0
BBX 12 24 0 0
BITMAP 
0000
0000
0000
0000
0000
0000
0000
0000
0000
0000
0000
0000
0000
0000
0000
0000
0000
0000
0000
0000
0000
CCC0
00C0
30C0
ENDCHAR
STARTCHAR U+05B2
ENCODING 1458
SWIDTH 500 0
DWIDTH 12 0
BBX 12 24 0 0
BITMAP 
0000
0000
0000
0000
0000
0000
0000
0000
0000
0000
0000
0000
0000
0000
0000
0000
0000
0000
0000
0000
4800
FCC0
78C0
00C0
ENDCHAR
STARTCHAR U+05B3
ENCODING 1459
SWIDTH 500 0
DWIDTH 12 0
BBX 12 24 0 0
BITMAP 
0000
0000
0000
0000
0000
0000
0000
0000
0000
0000
0000
0000
0000
0000
0000
0000
0000
0000
0000
0000
4800
FCC0
78C0
30C0
ENDCHAR
STARTCHAR U+05B4
ENCODING 1460
SWIDTH 500 0
DWIDTH 12 0
BBX 12 24 0 0
BITMAP 
0000
0000
0000
0000
0000
0000
0000
0000
0000
0000
0000
0000
0000
0000
0000
0000
0000
0000
0000
0000
0000
0400
0E00
0E00
ENDCHAR
STARTCHAR U+05B5
ENCODING 1461
SWIDTH 500 0
DWIDTH 12 0
BBX 12 24 0 0
BITMAP 
0000
0000
0000
0000
0000
0000
0000
0000
0000
0000
0000
0000
0000
0000
0000
0000
0000
0000
0000
0000
0000
1300
3B80
3B80
ENDCHAR
STARTCHAR U+05B6
ENCODING 1462
SWIDTH 500 0
DWIDTH 12 0
BBX 12 24 0 0
BITMAP 
0000
0000
0000
0000
0000
0000
0000
0000
0000
0000
0000
0000
0000
0000
0000
0000
0000
0000
0000
0000
1000
3380
3F00
0E00
ENDCHAR
STARTCHAR U+05B7
ENCODING 1463
SWIDTH 500 0
DWIDTH 12 0
BBX 12 24 0 0
BITMAP 
0000
0000
0000
0000
0000
0000
0000
0000
0000
0000
0000
0000
0000
0000
0000
0000
0000
0000
0000
0000
0000
0000
3F00
3F00
ENDCHAR
STARTCHAR U+05B8
ENCODING 1464
SWIDTH 500 0
DWIDTH 12 0
BBX 12 24 0 0
BITMAP 
0000
0000
0000
0000
0000
0000
0000
0000
0000
0000
0000
0000
0000
0000
0000
0000
0000
0000
0000
0000
0000
3F00
3F00
0C00
ENDCHAR
STARTCHAR U+05B9
ENCODING 1465
SWIDTH 500 0
DWIDTH 12 0
BBX 12 24 0 0
BITMAP 
0E00
0E00
0C00
0000
0000
0000
0000
0000
0000
0000
0000
0000
0000
0000
0000
0000
0000
0000
0000
0000
0000
0000
0000
0000
ENDCHAR
STARTCHAR U+05BB
ENCODING 1467
SWIDTH 500 0
DWIDTH 12 0
BBX 12 24 0 0
BITMAP 
0000
0000
0000
0000
0000
0000
0000
0000
0000
0000
0000
0000
0000
0000
0000
0000
0000
0000
0000
0000
0000
6000
0C00
0580
ENDCHAR
STARTCHAR U+05BC
ENCODING 1468
SWIDTH 500 0
DWIDTH 12 0
BBX 12 24 0 0
BITMAP 
0000
0000
0000
0000
0000
0000
0000
0000
0000
0000
0C00
0E00
0000
0000
0000
0000
0000
0000
0000
0000
0000
0000
0000
0000
ENDCHAR
STARTCHAR U+05BD
ENCODING 1469
SWIDTH 500 0
DWIDTH 12 0
BBX 12 24 0 0
BITMAP 
0000
0000
0000
0000
0000
0000
0000
0000
0000
0000
0000
0000
0000
0000
0000
0000
0000
0000
0000
0000
0000
1800
1800
1800
ENDCHAR
STARTCHAR U+05BE
ENCODING 1470
SWIDTH 500 0
DWIDTH 12 0
BBX 12 24 0 0
BITMAP 
0000
7F80
7F80
0000
0000
0000
0000
0000
0000
0000
0000
0000
0000
0000
0000
0000
0000
0000
0000
0000
0000
0000
0000
0000
ENDCHAR
STARTCHAR U+05BF
ENCODING 1471
SWIDTH 500 0
DWIDTH 12 0
BBX 12 24 0 0
BITMAP 
3F00
3F00
0000
0000
0000
0000
0000
0000
0000
0000
0000
0000
0000
0000
0000
0000
0000
0000
0000
0000
0000
0000
0000
0000
ENDCHAR
STARTCHAR U+05C0
ENCODING 1472
SWIDTH 500 0
DWIDTH 12 0
BBX 12 24 0 0
BITMAP 
0C00
0C00
0C00
0C00
0C00
0C00
0C00
0C00
0C00
0C00
0C00
0C00
0C00
0C00
0C00
0C00
0C00
0C00
0C00
0C00
0C00
0000
0000
0000
ENDCHAR
STARTCHAR U+05C1
ENCODING 1473
SWIDTH 500 0
DWIDTH 12 0
BBX 12 24 0 0
BITMAP 
0070
0070
0060
0000
0000
0000
0000
0000
0000
0000
0000
0000
0000
0000
0000
0000
0000
0000
0000
0000
0000
0000
0000
0000
ENDCHAR
STARTCHAR U+05C2
ENCODING 1474
SWIDTH 500 0
DWIDTH 12 0
BBX 12 24 0 0
BITMAP 
E000
E000
C000
0000
0000
0000
0000
0000
0000
0000
0000
0000
0000
0000
0000
0000
0000
0000
0000
0000
0000
0000
0000
0000
ENDCHAR
STARTCHAR U+05C3
ENCODING 1475
SWIDTH 500 0
DWIDTH 12 0
BBX 12 24 0 0
BITMAP 
0000
0800
1C00
1C00
1E00
1C00
1C00
1C00
0000
0000
0000
0000
0000
0000
0800
1C00
1C00
1E00
1C00
1C00
0800
0000
0000
0000
ENDCHAR
STARTCHAR U+05D0
ENCODING 1488
SWIDTH 500 0
DWIDTH 12 0
BBX 12 24 0 0
BITMAP 
0000
C040
C0C0
C0C0
C0C0
E0C0
70C0
38C0
18C0
3CC0
3C00
7600
E700
C300
C380
C180
C1C0
C0C0
C0C0
C0C0
C0C0
0000
0000
0000
ENDCHAR
STARTCHAR U+05D1
ENCODING 1489
SWIDTH 500 0
DWIDTH 12 0
BBX 12 24 0 0
BITMAP 
0000
FE00
FF00
0700
0300
0300
0300
0300
0300
0300
0300
0300
0300
0300
0300
0300
0300
0300
0700
FFC0
FFC0
0000
0000
0000
ENDCHAR
STARTCHAR U+05D2
ENCODING 1490
SWIDTH 500 0
DWIDTH 12 0
BBX 12 24 0 0
BITMAP 
0000
3800
3800
1C00
0C00
0C00
0C00
0C00
0E00
0600
0600
0600
0600
0E00
1F00
1F00
3B00
3300
7300
6300
6100
0000
0000
0000
ENDCHAR
STARTCHAR U+05D3
ENCODING 1491
SWIDTH 500 0
DWIDTH 12 0
BBX 12 24 0 0
BITMAP 
0000
FFC0
FFC0
0380
0180
0180
0180
0180
0180
0180
0180
0180
0180
0180
0180
0180
0180
0180
0180
0180
0180
0000
0000
0000
ENDCHAR
STARTCHAR U+05D4
ENCODING 1492
SWIDTH 500 0
DWIDTH 12 0
BBX 12 24 0 0
BITMAP 
0000
FFC0
FFC0
00C0
00C0
00C0
00C0
00C0
20C0
30C0
30C0
30C0
30C0
30C0
30C0
30C0
30C0
30C0
30C0
30C0
20C0
0000
0000
0000
ENDCHAR
STARTCHAR U+05D5
ENCODING 1493
SWIDTH 500 0
DWIDTH 12 0
BBX 12 24 0 0
BITMAP 
0000
7E00
7E00
0600
0600
0600
0600
0600
0600
0600
0600
0600
0600
0600
0600
0600
0600
0600
0600
0600
0600
0000
0000
0000
ENDCHAR
STARTCHAR U+05D6
ENCODING 1494
SWIDTH 500 0
DWIDTH 12 0
BBX 12 24 0 0
BITMAP 
0000
6000
7000
3C00
1E00
0F80
0F80
0C80
0C00
0C00
0C00
0C00
0C00
0C00
0C00
0C00
0C00
0C00
0C00
0C00
0C00
0000
0000
0000
ENDCHAR
STARTCHAR U+05D7
ENCODING 1495
SWIDTH 500 0
DWIDTH 12 0
BBX 12 24 0 0
BITMAP 
0000
FFC0
FFC0
70C0
30C0
30C0
30C0
30C0
30C0
30C0
30C0
30C0
30C0
30C0
30C0
30C0
30C0
30C0
30C0
30C0
20C0
0000
0000
0000
ENDCHAR
STARTCHAR U+05D8
ENCODING 1496
SWIDTH 500 0
DWIDTH 12 0
BBX 12 24 0 0
BITMAP 
0000
C1C0
C3C0
C7C0
C6C0
C0C0
C0C0
C0C0
C0C0
C0C0
C0C0
C0C0
C0C0
C0C0
C0C0
C0C0
C0C0
C0C0
C0C0
FFC0
FFC0
0000
0000
0000
ENDCHAR
STARTCHAR U+05D9
ENCODING 1497
SWIDTH 500 0
DWIDTH 12 0
BBX 12 24 0 0
BITMAP 
0000
1F00
3F00
0300
0300
0300
0300
0300
0300
0300
0300
0000
0000
0000
0000
0000
0000
0000
0000
0000
0000
0000
0000
0000
ENDCHAR
STARTCHAR U+05DA
ENCODING 1498
SWIDTH 500 0
DWIDTH 12 0
BBX 12 24 0 0
BITMAP 
0000
FFC0
FFC0
00C0
00C0
00C0
00C0
00C0
00C0
00C0
00C0
00C0
00C0
00C0
00C0
00C0
00C0
00C0
00C0
00C0
00C0
00C0
00C0
00C0
ENDCHAR
STARTCHAR U+05DB
ENCODING 1499
SWIDTH 500 0
DWIDTH 12 0
BBX 12 24 0 0
BITMAP 
0000
FFC0
FFC0
00C0
00C0
00C0
00C0
00C0
00C0
00C0
00C0
00C0
00C0
00C0
00C0
00C0
00C0
00C0
01C0
FF80
FF80
0000
0000
0000
ENDCHAR
STARTCHAR U+05DC
ENCODING 1500
SWIDTH 500 0
DWIDTH 12 0
BBX 12 24 0 0
BITMAP 
C000
C000
C000
C000
FFC0
FFC0
00C0
00C0
00C0
00C0
00C0
00C0
00C0
01C0
0380
0700
0600
0E00
1C00
F800
F000
0000
0000
0000
ENDCHAR
STARTCHAR U+05DD
ENCODING 1501
SWIDTH 500 0
DWIDTH 12 0
BBX 12 24 0 0
BITMAP 
0000
FFC0
FFC0
38C0
18C0
18C0
18C0
18C0
18C0
18C0
18C0
18C0
18C0
18C0
18C0
18C0
18C0
18C0
18C0
1FC0
1FC0
0000
0000
0000
ENDCHAR
STARTCHAR U+05DE
ENCODING 1502
SWIDTH 500 0
DWIDTH 12 0
BBX 12 24 0 0
BITMAP 
0000
CF80
CF80
FDC0
78C0
70C0
70C0
E0C0
C0C0
C0C0
C0C0
C0C0
C0C0
C0C0
C0C0
C0C0
C0C0
C0C0
C0C0
C3C0
C3C0
0000
0000
0000
ENDCHAR
STARTCHAR U+05DF
ENCODING 1503
SWIDTH 500 0
DWIDTH 12 0
BBX 12 24 0 0
BITMAP 
0000
3F00
3F00
0300
0300
0300
0300
0300
0300
0300
0300
0300
0300
0300
0300
0300
0300
0300
0300
0300
0300
0300
0300
0300
ENDCHAR
STARTCHAR U+05E0
ENCODING 1504
SWIDTH 500 0
DWIDTH 12 0
BBX 12 24 0 0
BITMAP 
0000
0F00
1F00
0300
0300
0300
0300
0300
0300
0300
0300
0300
0300
0300
0300
0300
0300
0300
0300
3F00
3F00
0000
0000
0000
ENDCHAR
STARTCHAR U+05E1
ENCODING 1505
SWIDTH 500 0
DWIDTH 12 0
BBX 12 24 0 0
BITMAP 
0000
FFC0
FFC0
C0C0
C0C0
C0C0
C0C0
C0C0
C0C0
C0C0
C0C0
C0C0
C0C0
C0C0
C0C0
C0C0
C1C0
C180
C300
FF00
FE00
0000
0000
0000
ENDCHAR
STARTCHAR U+05E2
ENCODING 1506
SWIDTH 500 0
DWIDTH 12 0
BBX 12 24 0 0
BITMAP 
0000
0C40
0CC0
0CC0
0CC0
0CC0
0CC0
0CC0
0CC0
0CC0
0CC0
0CC0
0CC0
0CC0
0CC0
0CC0
0CC0
0CC0
0CC0
FFC0
FFC0
0000
0000
0000
ENDCHAR
STARTCHAR U+05E3
ENCODING 1507
SWIDTH 500 0
DWIDTH 12 0
BBX 12 24 0 0
BITMAP 
0000
FFC0
FFC0
C0C0
C0C0
C0C0
C0C0
C0C0
C0C0
C0C0
F8C0
70C0
00C0
00C0
00C0
00C0
00C0
00C0
00C0
00C0
00C0
00C0
00C0
00C0
ENDCHAR
STARTCHAR U+05E4
ENCODING 1508
SWIDTH 500 0
DWIDTH 12 0
BBX 12 24 0 0
BITMAP 
0000
FFC0
FFC0
C0C0
C0C0
C0C0
C0C0
C0C0
C0C0
C0C0
F8C0
F8C0
00C0
00C0
00C0
00C0
00C0
00C0
00C0
FFC0
FFC0
0000
0000
0000
ENDCHAR
STARTCHAR U+05E5
ENCODING 1509
SWIDTH 500 0
DWIDTH 12 0
BBX 12 24 0 0
BITMAP 
0000
C0C0
C0C0
C0C0
C1C0
C380
C700
CE00
CE00
FC00
F800
E000
C000
C000
C000
C000
C000
C000
C000
C000
C000
C000
C000
C000
ENDCHAR
STARTCHAR U+05E6
ENCODING 1510
SWIDTH 500 0
DWIDTH 12 0
BBX 12 24 0 0
BITMAP 
0000
C040
C0C0
C0C0
C0C0
E1C0
7380
3300
1F00
1E00
0E00
0700
0300
0380
01C0
00C0
00C0
00C0
00C0
FFC0
FFC0
0000
0000
0000
ENDCHAR
STARTCHAR U+05E7
ENCODING 1511
SWIDTH 500 0
DWIDTH 12 0
BBX 12 24 0 0
BITMAP 
0000
7FC0
7FC0
38C0
30C0
30C0
31C0
3180
3180
3380
3300
3300
3700
3200
3000
3000
3000
3000
3000
3000
3000
3000
3000
3000
ENDCHAR
STARTCHAR U+05E8
ENCODING 1512
SWIDTH 500 0
DWIDTH 12 0
BBX 12 24 0 0
BITMAP 
0000
FF80
FF80
0180
0180
0180
0180
0180
0180
0180
0180
0180
0180
0180
0180
0180
0180
0180
0180
0180
0180
0000
0000
0000
ENDCHAR
STARTCHAR U+05E9
ENCODING 1513
SWIDTH 500 0
DWIDTH 12 0
BBX 12 24 0 0
BITMAP 
0000
CC40
CCC0
CCC0
CCC0
CCC0
CCC0
CCC0
CCC0
CCC0
CCC0
CCC0
CCC0
CCC0
CCC0
CCC0
CCC0
CCC0
CCC0
FFC0
FFC0
0000
0000
0000
ENDCHAR
STARTCHAR U+05EA
ENCODING 1514
SWIDTH 500 0
DWIDTH 12 0
BBX 12 24 0 0
BITMAP 
0000
3FC0
3FC0
30C0
30C0
30C0
30C0
30C0
30C0
30C0
30C0
30C0
30C0
30C0
30C0
30C0
30C0
30C0
70C0
F0C0
E0C0
0000
0000
0000
ENDCHAR
STARTCHAR U+05F0
ENCODING 1520
SWIDTH 500 0
DWIDTH 12 0
BBX 12 24 0 0
BITMAP 
0000
F3C0
FBC0
38C0
18C0
18C0
18C0
18C0
18C0
18C0
18C0
18C0
18C0
18C0
18C0
18C0
18C0
18C0
18C0
18C0
18C0
0000
0000
0000
ENDCHAR
STARTCHAR U+05F1
ENCODING 1521
SWIDTH 500 0
DWIDTH 12 0
BBX 12 24 0 0
BITMAP 
0000
F3C0
FBC0
38C0
18C0
18C0
18C0
18C0
18C0
10C0
00C0
00C0
00C0
00C0
00C0
00C0
00C0
00C0
00C0
00C0
00C0
0000
0000
0000
ENDCHAR
STARTCHAR U+05F2
ENCODING 1522
SWIDTH 500 0
DWIDTH 12 0
BBX 12 24 0 0
BITMAP 
0000
F3C0
FBC0
3AC0
18C0
18C0
18C0
18C0
18C0
18C0
18C0
1040
0000
0000
0000
0000
0000
0000
0000
0000
0000
0000
0000
0000
ENDCHAR
STARTCHAR U+05F3
ENCODING 1523
SWIDTH 500 0
DWIDTH 12 0
BBX 12 24 0 0
BITMAP 
0000
0100
0300
0700
0E00
0C00
1C00
1800
0000
0000
0000
0000
0000
0000
0000
0000
0000
0000
0000
0000
0000
0000
0000
0000
ENDCHAR
STARTCHAR U+05F4
ENCODING 1524
SWIDTH 500 0
DWIDTH 12 0
BBX 12 24 0 0
BITMAP 
0000
0840
18C0
39C0
7380
6300
E700
C600
0000
0000
0000
0000
0000
0000
0000
0000
0000
0000
0000
0000
0000
0000
0000
0000
ENDCHAR
STARTCHAR U+060C
ENCODING 1548
SWIDTH 500 0
DWIDTH 12 0
BBX 12 24 0 0
BITMAP 
0000
0000
0000
0000
0000
0000
0000
0000
0180
0380
0700
0700
0780
0780
0780
0780
0000
0000
0000
0000
0000
0000
0000
0000
ENDCHAR
STARTCHAR U+061B
ENCODING 1563
SWIDTH 500 0
DWIDTH 12 0
BBX 12 24 0 0
BITMAP 
0000
0000
0000
0300
0700
0E00
0E00
0E00
0F00
0F00
0000
0000
0000
0000
0F00
0F00
0000
0000
0000
0000
0000
0000
0000
0000
ENDCHAR
STARTCHAR U+061F
ENCODING 1567
SWIDTH 500 0
DWIDTH 12 0
BBX 12 24 0 0
BITMAP 
0000
1F80
3FC0
30C0
3040
3000
3800
1800
1C00
0C00
0600
0600
0600
0600
0000
0600
0600
0000
0000
0000
0000
0000
0000
0000
ENDCHAR
STARTCHAR U+0621
ENCODING 1569
SWIDTH 500 0
DWIDTH 12 0
BBX 12 24 0 0
BITMAP 
0000
0000
0000
0000
0000
0000
0780
0F80
0C00
0F80
0F80
0E00
0E00
0C00
0000
0000
0000
0000
0000
0000
0000
0000
0000
0000
ENDCHAR
STARTCHAR U+0622
ENCODING 1570
SWIDTH 500 0
DWIDTH 12 0
BBX 12 24 0 0
BITMAP 
00C0
00C0
1FC0
3F80
3000
0600
0600
0600
0600
0600
0600
0600
0600
0600
0600
0600
0600
0000
0000
0000
0000
0000
0000
0000
ENDCHAR
STARTCHAR U+0623
ENCODING 1571
SWIDTH 500 0
DWIDTH 12 0
BBX 12 24 0 0
BITMAP 
1E00
3E00
3800
1E00
3E00
3000
0600
0600
0600
0600
0600
0600
0600
0600
0600
0600
0600
0000
0000
0000
0000
0000
0000
0000
ENDCHAR
STARTCHAR U+0624
ENCODING 1572
SWIDTH 500 0
DWIDTH 12 0
BBX 12 24 0 0
BITMAP 
0000
0000
0000
01E0
03E0
0380
03E0
03C0
0300
0000
01E0
03F0
0330
0330
03B0
03F0
01F0
0070
00E0
19C0
1F80
0F00
0000
0000
ENDCHAR
STARTCHAR U+0625
ENCODING 1573
SWIDTH 500 0
DWIDTH 12 0
BBX 12 24 0 0
BITMAP 
0000
0000
1800
1800
1800
1800
1800
1800
1800
1800
1800
1800
1800
1800
0000
1E00
3E00
7000
7000
3E00
7E00
6000
0000
0000
ENDCHAR
STARTCHAR U+0626
ENCODING 1574
SWIDTH 500 0
DWIDTH 12 0
BBX 12 24 0 0
BITMAP 
0000
0000
0000
0000
0F00
1F00
1C00
1F00
0F00
1C00
1800
0000
60F0
61F0
6180
6180
6180
61F0
60F0
6070
7FF0
3FE0
0000
0000
ENDCHAR
STARTCHAR U+0627
ENCODING 1575
SWIDTH 500 0
DWIDTH 12 0
BBX 12 24 0 0
BITMAP 
0000
0000
0600
0600
0600
0600
0600
0600
0600
0600
0600
0600
0600
0600
0600
0600
0600
0000
0000
0000
0000
0000
0000
0000
ENDCHAR
STARTCHAR U+0628
ENCODING 1576
SWIDTH 500 0
DWIDTH 12 0
BBX 12 24 0 0
BITMAP 
0000
0000
0000
0000
0000
0000
0000
0000
00C0
0070
3870
7030
7070
3FF0
1FC0
0000
0000
0000
0100
0180
0000
0000
0000
0000
ENDCHAR
STARTCHAR U+0629
ENCODING 1577
SWIDTH 500 0
DWIDTH 12 0
BBX 12 24 0 0
BITMAP 
0000
0000
0000
0000
0000
0630
0630
0000
0180
01C0
03E0
0770
0630
0630
07F0
07F0
0000
0000
0000
0000
0000
0000
0000
0000
ENDCHAR
STARTCHAR U+062A
ENCODING 1578
SWIDTH 500 0
DWIDTH 12 0
BBX 12 24 0 0
BITMAP 
0000
0000
0000
0000
0000
06C0
0440
0000
0000
0000
00E0
1870
3830
7030
7FF0
3FE0
0000
0000
0000
0000
0000
0000
0000
0000
ENDCHAR
STARTCHAR U+062B
ENCODING 1579
SWIDTH 500 0
DWIDTH 12 0
BBX 12 24 0 0
BITMAP 
0000
0000
0600
0400
0000
1900
1900
0000
0000
0000
00E0
1870
3830
7030
7FF0
3FE0
0000
0000
0000
0000
0000
0000
0000
0000
ENDCHAR
STARTCHAR U+062C
ENCODING 1580
SWIDTH 500 0
DWIDTH 12 0
BBX 12 24 0 0
BITMAP 
0000
0000
0000
0000
0000
0000
0000
0000
0000
0000
0000
0000
3FF0
3FF0
0E00
1E00
3800
3000
3180
3180
3800
1C30
0FF0
07E0
ENDCHAR
STARTCHAR U+062D
ENCODING 1581
SWIDTH 500 0
DWIDTH 12 0
BBX 12 24 0 0
BITMAP 
0000
0000
0000
0000
0000
0000
0000
0000
0000
0000
0000
0000
3FF0
3FF0
0E00
1E00
3800
3000
3000
3000
3800
1C30
0FF0
07E0
ENDCHAR
STARTCHAR U+062E
ENCODING 1582
SWIDTH 500 0
DWIDTH 12 0
BBX 12 24 0 0
BITMAP 
0000
0000
0000
0000
0000
0000
0000
0000
0600
0200
0000
0000
3FF0
3FF0
0E00
0E00
3C00
3800
3000
3000
3800
3C30
0FF0
07E0
ENDCHAR
STARTCHAR U+062F
ENCODING 1583
SWIDTH 500 0
DWIDTH 12 0
BBX 12 24 0 0
BITMAP 
0000
0000
0000
0000
0000
0000
00C0
00C0
00E0
0070
0030
0030
0C30
0C30
0FF0
0FE0
0000
0000
0000
0000
0000
0000
0000
0000
ENDCHAR
STARTCHAR U+0630
ENCODING 1584
SWIDTH 500 0
DWIDTH 12 0
BBX 12 24 0 0
BITMAP 
0000
0000
0600
0600
0000
0000
00C0
00C0
00E0
0070
0030
0030
0C30
0C30
0FF0
0FE0
0000
0000
0000
0000
0000
0000
0000
0000
ENDCHAR
STARTCHAR U+0631
ENCODING 1585
SWIDTH 500 0
DWIDTH 12 0
BBX 12 24 0 0
BITMAP 
0000
0000
0000
0000
0000
0000
0000
0000
0000
0000
0060
0070
0030
0030
0030
0030
0030
0070
00E0
19C0
1F80
0F00
0000
0000
ENDCHAR
STARTCHAR U+0632
ENCODING 1586
SWIDTH 500 0
DWIDTH 12 0
BBX 12 24 0 0
BITMAP 
0000
0000
0000
0000
0000
0000
0300
0300
0000
0000
0000
0060
0070
0030
0030
0030
0030
0070
00E0
19C0
1F80
0F00
0000
0000
ENDCHAR
STARTCHAR U+0633
ENCODING 1587
SWIDTH 500 0
DWIDTH 12 0
BBX 12 24 0 0
BITMAP 
0000
0000
0000
0000
0000
0000
0000
0000
0000
0030
0030
0930
19B0
19B0
19F0
1DF0
DFC0
CF80
CF00
C600
CE00
EC00
7C00
3800
ENDCHAR
STARTCHAR U+0634
ENCODING 1588
SWIDTH 500 0
DWIDTH 12 0
BBX 12 24 0 0
BITMAP 
0000
0000
0000
0600
0600
0000
0840
1860
0000
0000
0000
0000
0030
0930
19B0
19B0
19F0
DFE0
DF80
CF00
C600
CC00
FC00
7800
ENDCHAR
STARTCHAR U+0635
ENCODING 1589
SWIDTH 500 0
DWIDTH 12 0
BBX 12 24 0 0
BITMAP 
0000
0000
0000
0000
0000
0000
0000
0000
01C0
03E0
03F0
0F30
1F30
0770
C7E0
C7C0
C600
C600
C600
C600
C600
EE00
7C00
3800
ENDCHAR
STARTCHAR U+0636
ENCODING 1590
SWIDTH 500 0
DWIDTH 12 0
BBX 12 24 0 0
BITMAP 
0000
0000
0000
0000
0180
0180
0000
0000
0000
0000
0000
01E0
03E0
0F70
1F30
87F0
C7E0
C600
C600
C600
C600
EE00
7C00
3800
ENDCHAR
STARTCHAR U+0637
ENCODING 1591
SWIDTH 500 0
DWIDTH 12 0
BBX 12 24 0 0
BITMAP 
0000
0000
3000
3000
3000
3000
3000
3000
3000
33C0
37E0
3E70
3C30
3070
FFF0
FFC0
0000
0000
0000
0000
0000
0000
0000
0000
ENDCHAR
STARTCHAR U+0638
ENCODING 1592
SWIDTH 500 0
DWIDTH 12 0
BBX 12 24 0 0
BITMAP 
0000
0000
3000
3000
30C0
3040
3000
3000
3000
33C0
37E0
3E70
3C30
3070
FFF0
FFC0
0000
0000
0000
0000
0000
0000
0000
0000
ENDCHAR
STARTCHAR U+0639
ENCODING 1593
SWIDTH 500 0
DWIDTH 12 0
BBX 12 24 0 0
BITMAP 
0000
0000
0000
0000
0000
0000
0780
0FC0
0CC0
0C60
0C00
0C00
0FC0
07E0
0C00
1C00
3800
3000
3000
3000
3030
3830
1FF0
1FE0
ENDCHAR
STARTCHAR U+063A
ENCODING 1594
SWIDTH 500 0
DWIDTH 12 0
BBX 12 24 0 0
BITMAP 
0000
0000
0180
0180
0000
0000
0000
0300
0780
0FC0
0CE0
0C00
0C00
0FC0
0FE0
1C00
1800
3800
3000
3000
3010
3030
3FF0
1FE0
ENDCHAR
STARTCHAR U+0640
ENCODING 1600
SWIDTH 500 0
DWIDTH 12 0
BBX 12 24 0 0
BITMAP 
0000
0000
0000
0000
0000
0000
0000
0000
0000
0000
0000
0000
0000
0000
FFF0
FFF0
0000
0000
0000
0000
0000
0000
0000
0000
ENDCHAR
STARTCHAR U+0641
ENCODING 1601
SWIDTH 500 0
DWIDTH 12 0
BBX 12 24 0 0
BITMAP 
0000
0000
0100
0100
0000
0070
00F0
01F0
01B0
01F0
00F0
6030
6030
7030
7FF0
1FE0
0000
0000
0000
0000
0000
0000
0000
0000
ENDCHAR
STARTCHAR U+0642
ENCODING 1602
SWIDTH 500 0
DWIDTH 12 0
BBX 12 24 0 0
BITMAP 
0000
0000
0000
0000
0000
0000
0860
0840
0000
0000
0000
07E0
07F0
0730
03B0
03B0
09F0
1CF0
3870
3070
30E0
3FC0
1F80
0000
ENDCHAR
STARTCHAR U+0643
ENCODING 1603
SWIDTH 500 0
DWIDTH 12 0
BBX 12 24 0 0
BITMAP 
0000
0000
0030
0030
01B0
03B0
0730
03B0
01B0
0830
1830
3830
3030
3030
3FF0
1FE0
0000
0000
0000
0000
0000
0000
0000
0000
ENDCHAR
STARTCHAR U+0644
ENCODING 1604
SWIDTH 500 0
DWIDTH 12 0
BBX 12 24 0 0
BITMAP 
0000
0000
0030
0030
0030
0030
0030
0030
0030
0030
0030
0030
0030
1830
1830
3830
3030
3030
3070
3060
3FE0
1FE0
0000
0000
ENDCHAR
STARTCHAR U+0645
ENCODING 1605
SWIDTH 500 0
DWIDTH 12 0
BBX 12 24 0 0
BITMAP 
0000
0000
0000
0000
0000
0000
0000
0000
0000
07C0
07E0
00F0
00F0
07F0
0FF0
1C00
1800
1800
1800
1800
1800
1800
1800
1800
ENDCHAR
STARTCHAR U+0646
ENCODING 1606
SWIDTH 500 0
DWIDTH 12 0
BBX 12 24 0 0
BITMAP 
0000
0000
0000
0000
0000
0000
0600
0400
0000
0000
0000
00C0
0070
3830
7030
6030
6030
6070
60E0
7FC0
3F80
0000
0000
0000
ENDCHAR
STARTCHAR U+0647
ENCODING 1607
SWIDTH 500 0
DWIDTH 12 0
BBX 12 24 0 0
BITMAP 
0000
0000
0000
0000
0000
1800
1C00
1F00
3F80
79C0
E0E0
E060
C060
E060
FFE0
FFE0
0000
0000
0000
0000
0000
0000
0000
0000
ENDCHAR
STARTCHAR U+0648
ENCODING 1608
SWIDTH 500 0
DWIDTH 12 0
BBX 12 24 0 0
BITMAP 
0000
0000
0000
0000
0000
0000
0000
0000
0000
01E0
03F0
0330
0330
0330
03F0
03F0
0030
0070
00E0
19C0
1F80
0F00
0000
0000
ENDCHAR
STARTCHAR U+0649
ENCODING 1609
SWIDTH 500 0
DWIDTH 12 0
BBX 12 24 0 0
BITMAP 
0000
0000
0000
0000
0000
0000
00C0
01C0
63E0
6360
6300
6380
61C0
60E0
6060
6060
6060
7FE0
3FC0
0000
0000
0000
0000
0000
ENDCHAR
STARTCHAR U+064A
ENCODING 1610
SWIDTH 500 0
DWIDTH 12 0
BBX 12 24 0 0
BITMAP 
0000
0000
0000
0000
0000
0000
0080
01C0
63E0
6360
6300
6300
6380
61C0
60E0
6060
70E0
3FC0
1F80
0000
0000
1300
1300
0000
ENDCHAR
STARTCHAR U+064B
ENCODING 1611
SWIDTH 500 0
DWIDTH 12 0
BBX 12 24 0 0
BITMAP 
0070
01F0
01E0
00F0
01F0
01C0
0000
0000
0000
0000
0000
0000
0000
0000
0000
0000
0000
0000
0000
0000
0000
0000
0000
0000
ENDCHAR
STARTCHAR U+064C
ENCODING 1612
SWIDTH 500 0
DWIDTH 12 0
BBX 12 24 0 0
BITMAP 
0070
0670
0E70
0FF0
0FC0
0700
0000
0000
0000
0000
0000
0000
0000
0000
0000
0000
0000
0000
0000
0000
0000
0000
0000
0000
ENDCHAR
STARTCHAR U+064D
ENCODING 1613
SWIDTH 500 0
DWIDTH 12 0
BBX 12 24 0 0
BITMAP 
0000
0000
0000
0000
0000
0000
0000
0000
0000
0000
0000
0000
0000
0000
0000
0000
0000
0000
0060
01E0
01E0
00F0
01F0
01C0
ENDCHAR
STARTCHAR U+064E
ENCODING 1614
SWIDTH 500 0
DWIDTH 12 0
BBX 12 24 0 0
BITMAP 
0070
01F0
01C0
0000
0000
0000
0000
0000
0000
0000
0000
0000
0000
0000
0000
0000
0000
0000
0000
0000
0000
0000
0000
0000
ENDCHAR
STARTCHAR U+064F
ENCODING 1615
SWIDTH 500 0
DWIDTH 12 0
BBX 12 24 0 0
BITMAP 
00F0
00F0
01F0
0380
0300
0200
0000
0000
0000
0000
0000
0000
0000
0000
0000
0000
0000
0000
0000
0000
0000
0000
0000
0000
ENDCHAR
STARTCHAR U+0650
ENCODING 1616
SWIDTH 500 0
DWIDTH 12 0
BBX 12 24 0 0
BITMAP 
0000
0000
0000
0000
0000
0000
0000
0000
0000
0000
0000
0000
0000
0000
0000
0000
0000
0000
0070
01F0
01C0
0000
0000
0000
ENDCHAR
STARTCHAR U+0651
ENCODING 1617
SWIDTH 500 0
DWIDTH 12 0
BBX 12 24 0 0
BITMAP 
0030
01F0
0FF0
0FC0
0C00
0000
0000
0000
0000
0000
0000
0000
0000
0000
0000
0000
0000
0000
0000
0000
0000
0000
0000
0000
ENDCHAR
STARTCHAR U+0652
ENCODING 1618
SWIDTH 500 0
DWIDTH 12 0
BBX 12 24 0 0
BITMAP 
00F0
01F0
01B0
01F0
01F0
0040
0000
0000
0000
0000
0000
0000
0000
0000
0000
0000
0000
0000
0000
0000
0000
0000
0000
0000
ENDCHAR
STARTCHAR U+0660
ENCODING 1632
SWIDTH 500 0
DWIDTH 12 0
BBX 12 24 0 0
BITMAP 
0000
0000
0000
0000
0000
0000
0200
0700
0F80
0F80
0780
0300
0000
0000
0000
0000
0000
0000
0000
0000
0000
0000
0000
0000
ENDCHAR
STARTCHAR U+0661
ENCODING 1633
SWIDTH 500 0
DWIDTH 12 0
BBX 12 24 0 0
BITMAP 
0000
0000
0C00
0C00
0C00
0C00
0E00
0600
0600
0600
0300
0300
0300
0380
0180
0180
0000
0000
0000
0000
0000
0000
0000
0000
ENDCHAR
STARTCHAR U+0662
ENCODING 1634
SWIDTH 500 0
DWIDTH 12 0
BBX 12 24 0 0
BITMAP 
0000
0000
30C0
31C0
3B80
1F00
1E00
0C00
0E00
0600
0600
0300
0300
0380
0180
0180
0000
0000
0000
0000
0000
0000
0000
0000
ENDCHAR
STARTCHAR U+0663
ENCODING 1635
SWIDTH 500 0
DWIDTH 12 0
BBX 12 24 0 0
BITMAP 
0000
0000
3760
3E60
3EC0
3FC0
1F80
1C00
0C00
0C00
0E00
0600
0600
0700
0300
0300
0000
0000
0000
0000
0000
0000
0000
0000
ENDCHAR
STARTCHAR U+0664
ENCODING 1636
SWIDTH 500 0
DWIDTH 12 0
BBX 12 24 0 0
BITMAP 
0000
0000
0180
0300
0700
0600
0C00
0C00
0E00
0F00
1C00
1800
1800
19C0
1F80
1F80
0000
0000
0000
0000
0000
0000
0000
0000
ENDCHAR
STARTCHAR U+0665
ENCODING 1637
SWIDTH 500 0
DWIDTH 12 0
BBX 12 24 0 0
BITMAP 
0000
0000
0000
0000
0000
0F00
1F80
1980
39C0
30C0
30C0
30C0
30C0
39C0
1F80
0F00
0600
0000
0000
0000
0000
0000
0000
0000
ENDCHAR
STARTCHAR U+0666
ENCODING 1638
SWIDTH 500 0
DWIDTH 12 0
BBX 12 24 0 0
BITMAP 
0000
0000
6000
7E00
3F00
0700
0300
0300
0380
0180
0180
0180
00C0
00C0
00C0
00C0
0000
0000
0000
0000
0000
0000
0000
0000
ENDCHAR
STARTCHAR U+0667
ENCODING 1639
SWIDTH 500 0
DWIDTH 12 0
BBX 12 24 0 0
BITMAP 
0000
0000
6060
6060
70E0
30C0
38C0
1980
1980
0F00
0F00
0700
0600
0600
0600
0600
0000
0000
0000
0000
0000
0000
0000
0000
ENDCHAR
STARTCHAR U+0668
ENCODING 1640
SWIDTH 500 0
DWIDTH 12 0
BBX 12 24 0 0
BITMAP 
0000
0000
0600
0600
0600
0E00
0E00
0F80
1D80
1980
19C0
30C0
30C0
7060
6060
6060
0000
0000
0000
0000
0000
0000
0000
0000
ENDCHAR
STARTCHAR U+0669
ENCODING 1641
SWIDTH 500 0
DWIDTH 12 0
BBX 12 24 0 0
BITMAP 
0000
0000
0F00
1F80
3980
3180
3380
3780
3F80
1DC0
00C0
00C0
00E0
0060
0060
0060
0000
0000
0000
0000
0000
0000
0000
0000
ENDCHAR
STARTCHAR U+0679
ENCODING 1657
SWIDTH 500 0
DWIDTH 12 0
BBX 12 24 0 0
BITMAP 
0000
0000
1800
1800
1800
1F00
1F80
1F80
1F00
0000
00E0
1870
3830
7030
7FF0
3FE0
0000
0000
0000
0000
0000
0000
0000
0000
ENDCHAR
STARTCHAR U+067E
ENCODING 1662
SWIDTH 500 0
DWIDTH 12 0
BBX 12 24 0 0
BITMAP 
0000
0000
0000
0000
0000
0000
0000
0000
00C0
0070
3870
7830
7030
3FF0
1FE0
0000
0000
06C0
0440
0000
0100
0180
0000
0000
ENDCHAR
STARTCHAR U+0686
ENCODING 1670
SWIDTH 500 0
DWIDTH 12 0
BBX 12 24 0 0
BITMAP 
0000
0000
0000
0000
0000
0000
0000
0000
0000
0000
0000
0000
3FF0
3FF0
1C00
3800
3240
3660
3000
3100
3980
1C30
0FF0
07E0
ENDCHAR
STARTCHAR U+0688
ENCODING 1672
SWIDTH 500 0
DWIDTH 12 0
BBX 12 24 0 0
BITMAP 
0600
0600
0600
07C0
07C0
07C0
0780
0000
00C0
00E0
0070
0030
0030
0C30
0FF0
0FE0
0000
0000
0000
0000
0000
0000
0000
0000
ENDCHAR
STARTCHAR U+0691
ENCODING 1681
SWIDTH 500 0
DWIDTH 12 0
BBX 12 24 0 0
BITMAP 
0000
0000
0180
0180
0180
01F0
01F0
01F0
00A0
0000
0000
0060
0070
0030
0030
0030
0030
0070
00E0
19C0
1F80
0F00
0000
0000
ENDCHAR
STARTCHAR U+0698
ENCODING 1688
SWIDTH 500 0
DWIDTH 12 0
BBX 12 24 0 0
BITMAP 
0000
0000
0000
0180
0080
0000
0360
0360
0000
0000
0000
0060
0070
0030
0030
0030
0030
0070
00E0
19C0
1F80
0F00
0000
0000
ENDCHAR
STARTCHAR U+06A9
ENCODING 1705
SWIDTH 500 0
DWIDTH 12 0
BBX 12 24 0 0
BITMAP 
0000
0000
0060
00E0
01C0
0380
0700
0E00
1C00
3800
1800
1FE0
0FF0
6030
7FF0
3FF0
0000
0000
0000
0000
0000
0000
0000
0000
ENDCHAR
STARTCHAR U+06AF
ENCODING 1711
SWIDTH 500 0
DWIDTH 12 0
BBX 12 24 0 0
BITMAP 
0000
0180
0780
0E00
1CE0
39C0
3380
0700
0E00
1C00
3800
3FC0
1FE0
C070
FFF0
7FF0
0000
0000
0000
0000
0000
0000
0000
0000
ENDCHAR
STARTCHAR U+06BA
ENCODING 1722
SWIDTH 500 0
DWIDTH 12 0
BBX 12 24 0 0
BITMAP 
0000
0000
0000
0000
0000
0000
0000
0000
0000
0040
00E0
1870
3830
7030
6030
6030
6070
60E0
70C0
3FC0
1F80
0000
0000
0000
ENDCHAR
STARTCHAR U+06BE
ENCODING 1726
SWIDTH 500 0
DWIDTH 12 0
BBX 12 24 0 0
BITMAP 
0000
0000
0000
0000
0000
0C00
1E00
3F00
37C0
33E0
3F60
1F60
3FE0
71C0
E000
C000
0000
0000
0000
0000
0000
0000
0000
0000
ENDCHAR
STARTCHAR U+06C1
ENCODING 1729
SWIDTH 500 0
DWIDTH 12 0
BBX 12 24 0 0
BITMAP 
0000
0000
0000
0000
0000
0000
0000
0000
0000
0000
0000
0200
0700
0F00
0FF0
1DF0
1800
1800
0000
0000
0000
0000
0000
0000
ENDCHAR
STARTCHAR U+06D2
ENCODING 1746
SWIDTH 500 0
DWIDTH 12 0
BBX 12 24 0 0
BITMAP 
0000
0000
0000
0000
0000
0000
0000
0000
0000
0000
0300
0700
0F80
0D80
1C00
3800
3000
7000
6000
7FF0
7FF0
0000
0000
0000
ENDCHAR
STARTCHAR U+200C
ENCODING 8204
SWIDTH 500 0
DWIDTH 12 0
BBX 24 24 0 0
BITMAP 
FFF000
FFF000
FFF000
BFF000
FFF000
FFF000
FCF000
FFF000
FFF000
FFF000
FFF000
FFE000
000000
000000
000000
000000
000000
000000
000000
000000
000000
000000
000000
000000
ENDCHAR
STARTCHAR U+200D
ENCODING 8205
SWIDTH 500 0
DWIDTH 12 0
BBX 24 24 0 0
BITMAP 
FFF000
FFF000
FFF000
BFF000
FFF000
FFF000
837000
8F3000
9F3000
DF7000
FFF000
FFE000
000000
000000
000000
000000
000000
000000
000000
000000
000000
000000
000000
000000
ENDCHAR
STARTCHAR U+200E
ENCODING 8206
SWIDTH 500 0
DWIDTH 12 0
BBX 24 24 0 0
BITMAP 
FFF000
C03000
DF7000
DFF000
DFF000
FFF000
FF7000
803000
803000
C07000
FFF000
FFE000
000000
000000
000000
000000
000000
000000
000000
000000
000000
000000
000000
000000
ENDCHAR
STARTCHAR U+200F
ENCODING 8207
SWIDTH 500 0
DWIDTH 12 0
BBX 24 24 0 0
BITMAP 
FFF000
C03000
F97000
FFF000
FFF000
FFF000
FF7000
803000
803000
C07000
FFF000
FFE000
000000
000000
000000
000000
000000
000000
000000
000000
000000
000000
000000
000000
ENDCHAR
STARTCHAR U+2013
ENCODING 8211
SWIDTH 500 0
DWIDTH 12 0
BBX 12 24 0 0
BITMAP 
0000
0000
0000
0000
0000
0000
0000
0000
0000
0000
0000
7FC0
7FC0
0000
0000
0000
0000
0000
0000
0000
0000
0000
0000
0000
ENDCHAR
STARTCHAR U+2014
ENCODING 8212
SWIDTH 500 0
DWIDTH 12 0
BBX 12 24 0 0
BITMAP 
0000
0000
0000
0000
0000
0000
0000
0000
0000
0000
0000
FFE0
FFE0
0000
0000
0000
0000
0000
0000
0000
0000
0000
0000
0000
ENDCHAR
STARTCHAR U+2015
ENCODING 8213
SWIDTH 500 0
DWIDTH 12 0
BBX 12 24 0 0
BITMAP 
0000
0000
0000
0000
0000
0000
0000
0000
0000
0000
0000
FFF0
FFF0
0000
0000
0000
0000
0000
0000
0000
0000
0000
0000
0000
ENDCHAR
STARTCHAR U+2017
ENCODING 8215
SWIDTH 500 0
DWIDTH 12 0
BBX 12 24 0 0
BITMAP 
0000
0000
0000
0000
0000
0000
0000
0000
0000
0000
0000
0000
0000
0000
0000
0000
0000
0000
0000
0000
5FA0
FFF0
FFF0
FFF0
ENDCHAR
STARTCHAR U+2018
ENCODING 8216
SWIDTH 500 0
DWIDTH 12 0
BBX 12 24 0 0
BITMAP 
0600
1E00
1C00
1800
1E00
1E00
0000
0000
0000
0000
0000
0000
0000
0000
0000
0000
0000
0000
0000
0000
0000
0000
0000
0000
ENDCHAR
STARTCHAR U+2019
ENCODING 8217
SWIDTH 500 0
DWIDTH 12 0
BBX 12 24 0 0
BITMAP 
1E00
1E00
0600
0600
1E00
1C00
0000
0000
0000
0000
0000
0000
0000
0000
0000
0000
0000
0000
0000
0000
0000
0000
0000
0000
ENDCHAR
STARTCHAR U+201A
ENCODING 8218
SWIDTH 500 0
DWIDTH 12 0
BBX 12 24 0 0
BITMAP 
0000
0000
0000
0000
0000
0000
0000
0000
0000
0000
0000
0000
0000
0000
0000
0000
0000
0000
1E00
1E00
0600
0600
1E00
1C00
ENDCHAR
STARTCHAR U+201C
ENCODING 8220
SWIDTH 500 0
DWIDTH 12 0
BBX 12 24 0 0
BITMAP 
30C0
71C0
6180
6180
71C0
71C0
0000
0000
0000
0000
0000
0000
0000
0000
0000
0000
0000
0000
0000
0000
0000
0000
0000
0000
ENDCHAR
STARTCHAR U+201D
ENCODING 8221
SWIDTH 500 0
DWIDTH 12 0
BBX 12 24 0 0
BITMAP 
E380
E380
6180
6180
E380
C300
0000
0000
0000
0000
0000
0000
0000
0000
0000
0000
0000
0000
0000
0000
0000
0000
0000
0000
ENDCHAR
STARTCHAR U+201E
ENCODING 8222
SWIDTH 500 0
DWIDTH 12 0
BBX 12 24 0 0
BITMAP 
0000
0000
0000
0000
0000
0000
0000
0000
0000
0000
0000
0000
0000
0000
0000
0000
0000
0000
E380
E380
6180
6180
E380
C300
ENDCHAR
STARTCHAR U+2020
ENCODING 8224
SWIDTH 500 0
DWIDTH 12 0
BBX 12 24 0 0
BITMAP 
0000
0C00
1E00
1E00
1E00
0C00
2D00
3F80
7F80
7F80
7F80
3F00
0C00
0C00
1E00
1E00
0C00
0C00
0C00
0C00
0C00
0C00
0C00
0000
ENDCHAR
STARTCHAR U+2021
ENCODING 8225
SWIDTH 500 0
DWIDTH 12 0
BBX 12 24 0 0
BITMAP 
0000
0C00
1E00
1E00
0C00
2D00
7F80
7F80
7F80
3F80
0C00
0C00
0C00
3F00
7F80
7F80
7F80
3F00
0C00
1E00
1E00
0C00
0000
0000
ENDCHAR
STARTCHAR U+2022
ENCODING 8226
SWIDTH 500 0
DWIDTH 12 0
BBX 12 24 0 0
BITMAP 
0000
0000
0000
0000
0000
0000
0000
0000
0000
3F00
3F00
3F00
3F00
3F00
3F00
0C00
0000
0000
0000
0000
0000
0000
0000
0000
ENDCHAR
STARTCHAR U+2026
ENCODING 8230
SWIDTH 500 0
DWIDTH 12 0
BBX 12 24 0 0
BITMAP 
0000
0000
0000
0000
0000
0000
0000
0000
0000
0000
0000
0000
0000
0000
0000
0000
0000
0000
CCC0
CCC0
CCC0
0000
0000
0000
ENDCHAR
STARTCHAR U+2030
ENCODING 8240
SWIDTH 500 0
DWIDTH 12 0
BBX 12 24 0 0
BITMAP 
0000
6180
E180
F380
F300
F300
F700
F600
6E00
0C00
0C00
1800
1800
3D80
3FC0
7FC0
7FC0
7FC0
CFC0
CFC0
C780
0000
0000
0000
ENDCHAR
STARTCHAR U+2039
ENCODING 8249
SWIDTH 500 0
DWIDTH 12 0
BBX 12 24 0 0
BITMAP 
0000
0000
0000
0000
0000
0000
0600
0600
0E00
0C00
1C00
1800
3800
3000
3800
1C00
0C00
0600
0600
0600
0000
0000
0000
0000
ENDCHAR
STARTCHAR U+203A
ENCODING 8250
SWIDTH 500 0
DWIDTH 12 0
BBX 12 24 0 0
BITMAP 
0000
0000
0000
0000
0000
0000
1800
1800
0C00
0C00
0600
0600
0700
0300
0700
0600
0C00
1C00
1800
1800
0000
0000
0000
0000
ENDCHAR
STARTCHAR U+207F
ENCODING 8319
SWIDTH 500 0
DWIDTH 12 0
BBX 12 24 0 0
BITMAP 
DE00
FE00
F700
F300
C300
C300
C300
C300
C300
C300
C300
0000
0000
0000
0000
0000
0000
0000
0000
0000
0000
0000
0000
0000
ENDCHAR
STARTCHAR U+20A7
ENCODING 8359
SWIDTH 500 0
DWIDTH 12 0
BBX 12 24 0 0
BITMAP 
0000
CC00
FC00
FC00
FE00
DFC0
DFC0
CF80
FE00
FE00
CF00
CF80
CDC0
CCC0
CCC0
CCC0
CCC0
CCC0
CCC0
CFC0
CF80
0000
0000
0000
ENDCHAR
STARTCHAR U+20AA
ENCODING 8362
SWIDTH 500 0
DWIDTH 12 0
BBX 12 24 0 0
BITMAP 
0000
0000
0000
0000
FEC0
FEC0
C6C0
C6C0
CEC0
DEC0
DEC0
DEC0
DEC0
DEC0
DEC0
DEC0
DEC0
D8C0
D8C0
DFC0
DFC0
0000
0000
0000
ENDCHAR
STARTCHAR U+20AB
ENCODING 8363
SWIDTH 500 0
DWIDTH 12 0
BBX 12 24 0 0
BITMAP 
0180
03C0
0FC0
0FC0
0180
2980
7F80
FF80
C780
C180
C180
C180
C180
C180
C180
C180
C180
C780
EF80
7F80
3800
0000
FF80
FF80
ENDCHAR
STARTCHAR U+20AC
ENCODING 8364
SWIDTH 500 0
DWIDTH 12 0
BBX 12 24 0 0
BITMAP 
0000
0000
0000
0000
0780
0FC0
1CC0
3800
7000
FF80
FF00
7000
FF80
FF00
3000
3000
3800
3CC0
0FC0
0780
0000
0000
0000
0000
ENDCHAR
STARTCHAR U+20AF
ENCODING 8367
SWIDTH 500 0
DWIDTH 12 0
BBX 12 24 0 0
BITMAP 
0000
F800
F800
DC00
CC00
CC00
CC00
CC00
CC00
CC00
CC00
CF80
CFC0
CFC0
CEC0
CFC0
CFC0
CF80
FF00
FF00
0300
0300
0300
0200
ENDCHAR
STARTCHAR U+2116
ENCODING 8470
SWIDTH 500 0
DWIDTH 12 0
BBX 12 24 0 0
BITMAP 
0000
C980
D9C0
DFC0
DFC0
DFC0
DFC0
F9C0
F980
F800
F800
FFC0
FFC0
F800
FC00
D800
D800
D800
D800
D800
D800
0000
0000
0000
ENDCHAR
STARTCHAR U+2122
ENCODING 8482
SWIDTH 500 0
DWIDTH 12 0
BBX 12 24 0 0
BITMAP 
0000
F8C0
FCC0
7FC0
7FC0
7FC0
78C0
78C0
78C0
0000
0000
0000
0000
0000
0000
0000
0000
0000
0000
0000
0000
0000
0000
0000
ENDCHAR
STARTCHAR U+2219
ENCODING 8729
SWIDTH 500 0
DWIDTH 12 0
BBX 12 24 0 0
BITMAP 
0000
0000
0000
0000
0000
0000
0000
0000
0000
1E00
3E00
3E00
3E00
3E00
0800
0000
0000
0000
0000
0000
0000
0000
0000
0000
ENDCHAR
STARTCHAR U+221A
ENCODING 8730
SWIDTH 500 0
DWIDTH 12 0
BBX 12 24 0 0
BITMAP 
03C0
03C0
0300
0300
0300
0300
0300
0300
0300
0300
0300
F300
FB00
3300
3B00
1F00
0F00
0F00
0F00
0F00
0700
0300
0300
0300
ENDCHAR
STARTCHAR U+221E
ENCODING 8734
SWIDTH 500 0
DWIDTH 12 0
BBX 12 24 0 0
BITMAP 
0000
0000
0000
0000
0000
0000
7F80
7F80
FEC0
CCC0
CCC0
CCC0
CCC0
CCC0
DEC0
7FC0
7F80
3300
0000
0000
0000
0000
0000
0000
ENDCHAR
STARTCHAR U+2229
ENCODING 8745
SWIDTH 500 0
DWIDTH 12 0
BBX 12 24 0 0
BITMAP 
0000
3F00
7F80
E1C0
C0C0
C0C0
C0C0
C0C0
C0C0
C0C0
C0C0
C0C0
C0C0
C0C0
C0C0
C0C0
C0C0
C0C0
C0C0
C0C0
C0C0
0000
0000
0000
ENDCHAR
STARTCHAR U+2248
ENCODING 8776
SWIDTH 500 0
DWIDTH 12 0
BBX 12 24 0 0
BITMAP 
0000
0000
0000
0000
0000
0000
0000
38C0
7CC0
EF80
C780
0000
0000
38C0
7CC0
EFC0
C780
0000
0000
0000
0000
0000
0000
0000
ENDCHAR
STARTCHAR U+2261
ENCODING 8801
SWIDTH 500 0
DWIDTH 12 0
BBX 12 24 0 0
BITMAP 
0000
0000
0000
0000
0000
3FC0
7FC0
2000
0000
0000
0000
7FC0
7FC0
0000
0000
0000
0000
7FC0
7FC0
0000
0000
0000
0000
0000
ENDCHAR
STARTCHAR U+2264
ENCODING 8804
SWIDTH 500 0
DWIDTH 12 0
BBX 12 24 0 0
BITMAP 
0000
0000
0000
00C0
01C0
0780
1F00
3C00
F000
C000
0000
1E00
0F00
03C0
01C0
0000
0000
0000
FFC0
FFC0
0000
0000
0000
0000
ENDCHAR
STARTCHAR U+2265
ENCODING 8805
SWIDTH 500 0
DWIDTH 12 0
BBX 12 24 0 0
BITMAP 
0000
0000
0000
C000
E000
7000
3C00
1E00
07C0
07C0
0F00
1C00
7800
E000
C000
0000
0000
0000
FFC0
FFC0
0000
0000
0000
0000
ENDCHAR
STARTCHAR U+2310
ENCODING 8976
SWIDTH 500 0
DWIDTH 12 0
BBX 12 24 0 0
BITMAP 
0000
0000
0000
0000
0000
0000
0000
0000
0000
FFC0
FFC0
C000
C000
C000
C000
0000
0000
0000
0000
0000
0000
0000
0000
0000
ENDCHAR
STARTCHAR U+2320
ENCODING 8992
SWIDTH 500 0
DWIDTH 12 0
BBX 12 24 0 0
BITMAP 
03C0
07C0
0FC0
0CC0
0C00
0C00
0C00
0C00
0C00
0C00
0C00
0C00
0C00
0C00
0C00
0C00
0C00
0C00
0C00
0C00
0C00
0C00
0C00
0C00
ENDCHAR
STARTCHAR U+2321
ENCODING 8993
SWIDTH 500 0
DWIDTH 12 0
BBX 12 24 0 0
BITMAP 
0C00
0C00
0C00
0C00
0C00
0C00
0C00
0C00
0C00
0C00
0C00
0C00
0C00
0C00
0C00
0C00
0C00
0C00
0C00
0C00
CC00
FC00
F800
F000
ENDCHAR
STARTCHAR U+2500
ENCODING 9472
SWIDTH 500 0
DWIDTH 12 0
BBX 12 24 0 0
BITMAP 
0000
0000
0000
0000
0000
0000
0000
0000
0000
0000
0000
FFF0
FFF0
0000
0000
0000
0000
0000
0000
0000
0000
0000
0000
0000
ENDCHAR
STARTCHAR U+2502
ENCODING 9474
SWIDTH 500 0
DWIDTH 12 0
BBX 12 24 0 0
BITMAP 
0600
0600
0600
0600
0600
0600
0600
0600
0600
0600
0600
0600
0600
0600
0600
0600
0600
0600
0600
0600
0600
0600
0600
0600
ENDCHAR
STARTCHAR U+250C
ENCODING 9484
SWIDTH 500 0
DWIDTH 12 0
BBX 12 24 0 0
BITMAP 
0000
0000
0000
0000
0000
0000
0000
0000
0000
0000
0000
07F0
07F0
0600
0600
0600
0600
0600
0600
0600
0600
0600
0600
0600
ENDCHAR
STARTCHAR U+2510
ENCODING 9488
SWIDTH 500 0
DWIDTH 12 0
BBX 12 24 0 0
BITMAP 
0000
0000
0000
0000
0000
0000
0000
0000
0000
0000
0000
FE00
FE00
0600
0600
0600
0600
0600
0600
0600
0600
0600
0600
0600
ENDCHAR
STARTCHAR U+2514
ENCODING 9492
SWIDTH 500 0
DWIDTH 12 0
BBX 12 24 0 0
BITMAP 
0600
0600
0600
0600
0600
0600
0600
0600
0600
0600
0600
07F0
07F0
0000
0000
0000
0000
0000
0000
0000
0000
0000
0000
0000
ENDCHAR
STARTCHAR U+2518
ENCODING 9496
SWIDTH 500 0
DWIDTH 12 0
BBX 12 24 0 0
BITMAP 
0600
0600
0600
0600
0600
0600
0600
0600
0600
0600
0600
FE00
FE00
0000
0000
0000
0000
0000
0000
0000
0000
0000
0000
0000
ENDCHAR
STARTCHAR U+251C
ENCODING 9500
SWIDTH 500 0
DWIDTH 12 0
BBX 12 24 0 0
BITMAP 
0600
0600
0600
0600
0600
0600
0600
0600
0600
0600
07F0
07F0
0600
0600
0600
0600
0600
0600
0600
0600
0600
0600
0600
0600
ENDCHAR
STARTCHAR U+2524
ENCODING 9508
SWIDTH 500 0
DWIDTH 12 0
BBX 12 24 0 0
BITMAP 
0600
0600
0600
0600
0600
0600
0600
0600
0600
0600
FE00
FE00
0600
0600
0600
0600
0600
0600
0600
0600
0600
0600
0600
0600
ENDCHAR
STARTCHAR U+252C
ENCODING 9516
SWIDTH 500 0
DWIDTH 12 0
BBX 12 24 0 0
BITMAP 
0000
0000
0000
0000
0000
0000
0000
0000
0000
0000
0000
FFF0
FFF0
0300
0300
0300
0300
0300
0300
0300
0300
0300
0300
0300
ENDCHAR
STARTCHAR U+2534
ENCODING 9524
SWIDTH 500 0
DWIDTH 12 0
BBX 12 24 0 0
BITMAP 
0300
0300
0300
0300
0300
0300
0300
0300
0300
0300
0300
FFF0
FFF0
0000
0000
0000
0000
0000
0000
0000
0000
0000
0000
0000
ENDCHAR
STARTCHAR U+253C
ENCODING 9532
SWIDTH 500 0
DWIDTH 12 0
BBX 12 24 0 0
BITMAP 
0300
0300
0300
0300
0300
0300
0300
0300
0300
0300
FFF0
FFF0
0700
0300
0300
0300
0300
0300
0300
0300
0300
0300
0300
0300
ENDCHAR
STARTCHAR U+2550
ENCODING 9552
SWIDTH 500 0
DWIDTH 12 0
BBX 12 24 0 0
BITMAP 
0000
0000
0000
0000
0000
0000
0000
0000
0000
FFF0
FFF0
0000
0000
FFF0
FFF0
0000
0000
0000
0000
0000
0000
0000
0000
0000
ENDCHAR
STARTCHAR U+2551
ENCODING 9553
SWIDTH 500 0
DWIDTH 12 0
BBX 12 24 0 0
BITMAP 
1980
1980
1980
1980
1980
1980
1980
1980
1980
1980
1980
1980
1980
1980
1980
1980
1980
1980
1980
1980
1980
1980
1980
1980
ENDCHAR
STARTCHAR U+2552
ENCODING 9554
SWIDTH 500 0
DWIDTH 12 0
BBX 12 24 0 0
BITMAP 
0000
0000
0000
0000
0000
0000
0000
0000
0000
07F0
07F0
0600
07F0
07F0
0600
0600
0600
0600
0600
0600
0600
0600
0600
0600
ENDCHAR
STARTCHAR U+2553
ENCODING 9555
SWIDTH 500 0
DWIDTH 12 0
BBX 12 24 0 0
BITMAP 
0000
0000
0000
0000
0000
0000
0000
0000
0000
0000
0000
1FF0
1FF0
1980
1980
1980
1980
1980
1980
1980
1980
1980
1980
1980
ENDCHAR
STARTCHAR U+2554
ENCODING 9556
SWIDTH 500 0
DWIDTH 12 0
BBX 12 24 0 0
BITMAP 
0000
0000
0000
0000
0000
0000
0000
0000
0000
1FF0
1FF0
1800
19F0
19F0
1980
1980
1980
1980
1980
1980
1980
1980
1980
1980
ENDCHAR
STARTCHAR U+2555
ENCODING 9557
SWIDTH 500 0
DWIDTH 12 0
BBX 12 24 0 0
BITMAP 
0000
0000
0000
0000
0000
0000
0000
0000
0000
FE00
FE00
0600
FE00
FE00
0600
0600
0600
0600
0600
0600
0600
0600
0600
0600
ENDCHAR
STARTCHAR U+2556
ENCODING 9558
SWIDTH 500 0
DWIDTH 12 0
BBX 12 24 0 0
BITMAP 
0000
0000
0000
0000
0000
0000
0000
0000
0000
0000
0000
FF80
FF80
0D80
0D80
0D80
0D80
0D80
0D80
0D80
0D80
0D80
0D80
0D80
ENDCHAR
STARTCHAR U+2557
ENCODING 9559
SWIDTH 500 0
DWIDTH 12 0
BBX 12 24 0 0
BITMAP 
0000
0000
0000
0000
0000
0000
0000
0000
0000
FF80
FF80
0180
FD80
FD80
0D80
0D80
0D80
0D80
0D80
0D80
0D80
0D80
0D80
0D80
ENDCHAR
STARTCHAR U+2558
ENCODING 9560
SWIDTH 500 0
DWIDTH 12 0
BBX 12 24 0 0
BITMAP 
0600
0600
0600
0600
0600
0600
0600
0600
0600
0600
07F0
07F0
0600
07F0
07F0
0000
0000
0000
0000
0000
0000
0000
0000
0000
ENDCHAR
STARTCHAR U+2559
ENCODING 9561
SWIDTH 500 0
DWIDTH 12 0
BBX 12 24 0 0
BITMAP 
1980
1980
1980
1980
1980
1980
1980
1980
1980
1980
1980
1FF0
1FF0
0000
0000
0000
0000
0000
0000
0000
0000
0000
0000
0000
ENDCHAR
STARTCHAR U+255A
ENCODING 9562
SWIDTH 500 0
DWIDTH 12 0
BBX 12 24 0 0
BITMAP 
1980
1980
1980
1980
1980
1980
1980
1980
1980
1980
19F0
19F0
1800
1FF0
1FF0
0000
0000
0000
0000
0000
0000
0000
0000
0000
ENDCHAR
STARTCHAR U+255B
ENCODING 9563
SWIDTH 500 0
DWIDTH 12 0
BBX 12 24 0 0
BITMAP 
0600
0600
0600
0600
0600
0600
0600
0600
0600
0600
FE00
FE00
0600
FE00
FE00
0000
0000
0000
0000
0000
0000
0000
0000
0000
ENDCHAR
STARTCHAR U+255C
ENCODING 9564
SWIDTH 500 0
DWIDTH 12 0
BBX 12 24 0 0
BITMAP 
0D80
0D80
0D80
0D80
0D80
0D80
0D80
0D80
0D80
0D80
0D80
FF80
FF80
0000
0000
0000
0000
0000
0000
0000
0000
0000
0000
0000
ENDCHAR
STARTCHAR U+255D
ENCODING 9565
SWIDTH 500 0
DWIDTH 12 0
BBX 12 24 0 0
BITMAP 
0D80
0D80
0D80
0D80
0D80
0D80
0D80
0D80
0D80
0D80
FD80
FD80
0180
FF80
FF80
0000
0000
0000
0000
0000
0000
0000
0000
0000
ENDCHAR
STARTCHAR U+255E
ENCODING 9566
SWIDTH 500 0
DWIDTH 12 0
BBX 12 24 0 0
BITMAP 
0600
0600
0600
0600
0600
0600
0600
0600
0600
07F0
07F0
0600
07F0
07F0
0600
0600
0600
0600
0600
0600
0600
0600
0600
0600
ENDCHAR
STARTCHAR U+255F
ENCODING 9567
SWIDTH 500 0
DWIDTH 12 0
BBX 12 24 0 0
BITMAP 
1980
1980
1980
1980
1980
1980
1980
1980
1980
1980
19F0
19F0
1980
1980
1980
1980
1980
1980
1980
1980
1980
1980
1980
1980
ENDCHAR
STARTCHAR U+2560
ENCODING 9568
SWIDTH 500 0
DWIDTH 12 0
BBX 12 24 0 0
BITMAP 
1980
1980
1980
1980
1980
1980
1980
1980
1980
19F0
19F0
1800
19F0
19F0
1980
1980
1980
1980
1980
1980
1980
1980
1980
1980
ENDCHAR
STARTCHAR U+2561
ENCODING 9569
SWIDTH 500 0
DWIDTH 12 0
BBX 12 24 0 0
BITMAP 
0600
0600
0600
0600
0600
0600
0600
0600
0600
FE00
FE00
0600
FE00
FE00
0600
0600
0600
0600
0600
0600
0600
0600
0600
0600
ENDCHAR
STARTCHAR U+2562
ENCODING 9570
SWIDTH 500 0
DWIDTH 12 0
BBX 12 24 0 0
BITMAP 
0D80
0D80
0D80
0D80
0D80
0D80
0D80
0D80
0D80
0D80
FD80
FD80
0D80
0D80
0D80
0D80
0D80
0D80
0D80
0D80
0D80
0D80
0D80
0D80
ENDCHAR
STARTCHAR U+2563
ENCODING 9571
SWIDTH 500 0
DWIDTH 12 0
BBX 12 24 0 0
BITMAP 
0D80
0D80
0D80
0D80
0D80
0D80
0D80
0D80
0D80
FD80
FD80
0180
FD80
FD80
0D80
0D80
0D80
0D80
0D80
0D80
0D80
0D80
0D80
0D80
ENDCHAR
STARTCHAR U+2564
ENCODING 9572
SWIDTH 500 0
DWIDTH 12 0
BBX 12 24 0 0
BITMAP 
0000
0000
0000
0000
0000
0000
0000
0000
0000
FFF0
FFF0
0000
FFF0
FFF0
0300
0300
0300
0300
0300
0300
0300
0300
0300
0300
ENDCHAR
STARTCHAR U+2565
ENCODING 9573
SWIDTH 500 0
DWIDTH 12 0
BBX 12 24 0 0
BITMAP 
0000
0000
0000
0000
0000
0000
0000
0000
0000
0000
0000
FFF0
FFF0
0D80
0D80
0D80
0D80
0D80
0D80
0D80
0D80
0D80
0D80
0D80
ENDCHAR
STARTCHAR U+2566
ENCODING 9574
SWIDTH 500 0
DWIDTH 12 0
BBX 12 24 0 0
BITMAP 
0000
0000
0000
0000
0000
0000
0000
0000
0000
FFF0
FFF0
0000
FDF0
FDF0
0D80
0D80
0D80
0D80
0D80
0D80
0D80
0D80
0D80
0D80
ENDCHAR
STARTCHAR U+2567
ENCODING 9575
SWIDTH 500 0
DWIDTH 12 0
BBX 12 24 0 0
BITMAP 
0300
0300
0300
0300
0300
0300
0300
0300
0300
0300
FFF0
FFF0
0000
FFF0
FFF0
0000
0000
0000
0000
0000
0000
0000
0000
0000
ENDCHAR
STARTCHAR U+2568
ENCODING 9576
SWIDTH 500 0
DWIDTH 12 0
BBX 12 24 0 0
BITMAP 
0D80
0D80
0D80
0D80
0D80
0D80
0D80
0D80
0D80
0D80
0D80
FFF0
FFF0
0000
0000
0000
0000
0000
0000
0000
0000
0000
0000
0000
ENDCHAR
STARTCHAR U+2569
ENCODING 9577
SWIDTH 500 0
DWIDTH 12 0
BBX 12 24 0 0
BITMAP 
0D80
0D80
0D80
0D80
0D80
0D80
0D80
0D80
0D80
0D80
FDF0
FCF0
0000
FFF0
FFF0
0000
0000
0000
0000
0000
0000
0000
0000
0000
ENDCHAR
STARTCHAR U+256A
ENCODING 9578
SWIDTH 500 0
DWIDTH 12 0
BBX 12 24 0 0
BITMAP 
0300
0300
0300
0300
0300
0300
0300
0300
0300
FFF0
FFF0
0300
FFF0
FFF0
0300
0300
0300
0300
0300
0300
0300
0300
0300
0300
ENDCHAR
STARTCHAR U+256B
ENCODING 9579
SWIDTH 500 0
DWIDTH 12 0
BBX 12 24 0 0
BITMAP 
0D80
0D80
0D80
0D80
0D80
0D80
0D80
0D80
0D80
0D80
FFF0
FFF0
0FC0
0D80
0D80
0D80
0D80
0D80
0D80
0D80
0D80
0D80
0D80
0D80
ENDCHAR
STARTCHAR U+256C
ENCODING 9580
SWIDTH 500 0
DWIDTH 12 0
BBX 12 24 0 0
BITMAP 
0D80
0D80
0D80
0D80
0D80
0D80
0D80
0D80
0DC0
FDF0
FCF0
0000
FDF0
FDF0
0D80
0D80
0D80
0D80
0D80
0D80
0D80
0D80
0D80
0D80
ENDCHAR
STARTCHAR U+2580
ENCODING 9600
SWIDTH 500 0
DWIDTH 12 0
BBX 12 24 0 0
BITMAP 
FFF0
FFF0
FFF0
FFF0
FFF0
FFF0
FFF0
FFF0
FFF0
FFF0
FFF0
FFF0
0000
0000
0000
0000
0000
0000
0000
0000
0000
0000
0000
0000
ENDCHAR
STARTCHAR U+2584
ENCODING 9604
SWIDTH 500 0
DWIDTH 12 0
BBX 12 24 0 0
BITMAP 
0000
0000
0000
0000
0000
0000
0000
0000
0000
0000
0000
0000
FFF0
FFF0
FFF0
FFF0
FFF0
FFF0
FFF0
FFF0
FFF0
FFF0
FFF0
FFF0
ENDCHAR
STARTCHAR U+2588
ENCODING 9608
SWIDTH 500 0
DWIDTH 12 0
BBX 12 24 0 0
BITMAP 
FFF0
FFF0
FFF0
FFF0
FFF0
FFF0
FFF0
FFF0
FFF0
FFF0
FFF0
FFF0
FFF0
FFF0
FFF0
FFF0
FFF0
FFF0
FFF0
FFF0
FFF0
FFF0
FFF0
FFF0
ENDCHAR
STARTCHAR U+258C
ENCODING 9612
SWIDTH 500 0
DWIDTH 12 0
BBX 12 24 0 0
BITMAP 
FC00
FC00
FC00
FC00
FC00
FC00
FC00
FC00
FC00
FC00
FC00
FC00
FC00
FC00
FC00
FC00
FC00
FC00
FC00
FC00
FC00
FC00
FC00
FC00
ENDCHAR
STARTCHAR U+2590
ENCODING 9616
SWIDTH 500 0
DWIDTH 12 0
BBX 12 24 0 0
BITMAP 
03F0
03F0
03F0
03F0
03F0
03F0
03F0
03F0
03F0
03F0
03F0
03F0
03F0
03F0
03F0
03F0
03F0
03F0
03F0
03F0
03F0
03F0
03F0
03F0
ENDCHAR
STARTCHAR U+2591
ENCODING 9617
SWIDTH 500 0
DWIDTH 12 0
BBX 12 24 0 0
BITMAP 
C180
C930
1830
C180
1830
C930
C180
1830
C990
C990
1830
C180
C930
1830
C180
1830
C930
C180
1830
C990
C990
1830
0000
0000
ENDCHAR
STARTCHAR U+2592
ENCODING 9618
SWIDTH 500 0
DWIDTH 12 0
BBX 12 24 0 0
BITMAP 
FFE0
FFF0
FFF0
FFF0
FFF0
FFF0
FFF0
FFF0
FFF0
FFF0
FFF0
FFF0
FFF0
FFF0
FFF0
FFF0
FFF0
FFF0
FFF0
FFF0
FFF0
FFF0
7FF0
0000
ENDCHAR
STARTCHAR U+2593
ENCODING 9619
SWIDTH 500 0
DWIDTH 12 0
BBX 12 24 0 0
BITMAP 
FFE0
FFF0
FFF0
FFF0
FFF0
FFF0
FFF0
FFF0
FFF0
FFF0
FFF0
FFF0
FFF0
FFF0
FFF0
FFF0
FFF0
FFF0
FFF0
FFF0
FFF0
FFF0
FFF0
0000
ENDCHAR
STARTCHAR U+25A0
ENCODING 9632
SWIDTH 500 0
DWIDTH 12 0
BBX 12 24 0 0
BITMAP 
0000
0000
0000
0000
7F80
7FC0
7F80
7FC0
7FC0
7FC0
7FC0
7FC0
7FC0
7FC0
7FC0
7FC0
7FC0
7F80
7FC0
7F80
0000
0000
0000
0000
ENDCHAR
STARTCHAR U+FE7D
ENCODING 65149
SWIDTH 500 0
DWIDTH 12 0
BBX 12 24 0 0
BITMAP 
0180
0180
0D80
0F80
2F80
7F00
7800
7000
0000
0000
0000
0000
0000
0000
FFF0
FFF0
0000
0000
0000
0000
0000
0000
0000
0000
ENDCHAR
STARTCHAR U+FE80
ENCODING 65152
SWIDTH 500 0
DWIDTH 12 0
BBX 12 24 0 0
BITMAP 
0000
0000
0000
0000
0000
0000
0780
0F80
0C00
0F80
0F80
0E00
0E00
0C00
0000
0000
0000
0000
0000
0000
0000
0000
0000
0000
ENDCHAR
STARTCHAR U+FE81
ENCODING 65153
SWIDTH 500 0
DWIDTH 12 0
BBX 12 24 0 0
BITMAP 
00C0
00C0
1FC0
3F80
3000
0600
0600
0600
0600
0600
0600
0600
0600
0600
0600
0600
0600
0000
0000
0000
0000
0000
0000
0000
ENDCHAR
STARTCHAR U+FE82
ENCODING 65154
SWIDTH 500 0
DWIDTH 12 0
BBX 12 24 0 0
BITMAP 
0180
0F80
1F00
3800
3000
0C00
0C00
0C00
0C00
0C00
0C00
0C00
0C00
0C00
0FF0
07F0
0000
0000
0000
0000
0000
0000
0000
0000
ENDCHAR
STARTCHAR U+FE83
ENCODING 65155
SWIDTH 500 0
DWIDTH 12 0
BBX 12 24 0 0
BITMAP 
1E00
3E00
3800
1E00
3E00
3000
0600
0600
0600
0600
0600
0600
0600
0600
0600
0600
0600
0000
0000
0000
0000
0000
0000
0000
ENDCHAR
STARTCHAR U+FE84
ENCODING 65156
SWIDTH 500 0
DWIDTH 12 0
BBX 12 24 0 0
BITMAP 
1E00
3C00
3800
3E00
3C00
3800
1800
1800
1800
1800
1800
1800
1800
1800
1FF0
0FF0
0000
0000
0000
0000
0000
0000
0000
0000
ENDCHAR
STARTCHAR U+FE85
ENCODING 65157
SWIDTH 500 0
DWIDTH 12 0
BBX 12 24 0 0
BITMAP 
0000
0000
0000
01E0
03E0
0380
03E0
03C0
0300
0000
01E0
03F0
0330
0330
03B0
03F0
01F0
0070
00E0
19C0
1F80
0F00
0000
0000
ENDCHAR
STARTCHAR U+FE8B
ENCODING 65163
SWIDTH 500 0
DWIDTH 12 0
BBX 12 24 0 0
BITMAP 
0000
0000
0000
00F0
01F0
0380
01F0
01F0
0380
0300
0000
0030
0030
0030
FFF0
FFE0
0000
0000
0000
0000
0000
0000
0000
0000
ENDCHAR
STARTCHAR U+FE8D
ENCODING 65165
SWIDTH 500 0
DWIDTH 12 0
BBX 12 24 0 0
BITMAP 
0000
0000
0600
0600
0600
0600
0600
0600
0600
0600
0600
0600
0600
0600
0600
0600
0600
0000
0000
0000
0000
0000
0000
0000
ENDCHAR
STARTCHAR U+FE8E
ENCODING 65166
SWIDTH 500 0
DWIDTH 12 0
BBX 12 24 0 0
BITMAP 
0000
0000
0600
0600
0600
0600
0600
0600
0600
0600
0600
0600
0600
0600
07F0
03F0
0000
0000
0000
0000
0000
0000
0000
0000
ENDCHAR
STARTCHAR U+FE8F
ENCODING 65167
SWIDTH 500 0
DWIDTH 12 0
BBX 12 24 0 0
BITMAP 
0000
0000
0000
0000
0000
0000
0000
0000
00C0
0070
3870
7030
7070
3FF0
1FC0
0000
0000
0000
0100
0180
0000
0000
0000
0000
ENDCHAR
STARTCHAR U+FE91
ENCODING 65169
SWIDTH 500 0
DWIDTH 12 0
BBX 12 24 0 0
BITMAP 
0000
0000
0000
0000
0000
0000
0000
0000
0000
00C0
00F0
0070
0030
4030
FFF0
7FF0
0000
0000
0100
0300
0000
0000
0000
0000
ENDCHAR
STARTCHAR U+FE93
ENCODING 65171
SWIDTH 500 0
DWIDTH 12 0
BBX 12 24 0 0
BITMAP 
0000
0000
0000
0000
0000
0630
0630
0000
0180
01C0
03E0
0770
0630
0630
07F0
07F0
0000
0000
0000
0000
0000
0000
0000
0000
ENDCHAR
STARTCHAR U+FE95
ENCODING 65173
SWIDTH 500 0
DWIDTH 12 0
BBX 12 24 0 0
BITMAP 
0000
0000
0000
0000
0000
06C0
0440
0000
0000
0000
00E0
1870
3830
7030
7FF0
3FE0
0000
0000
0000
0000
0000
0000
0000
0000
ENDCHAR
STARTCHAR U+FE97
ENCODING 65175
SWIDTH 500 0
DWIDTH 12 0
BBX 12 24 0 0
BITMAP 
0000
0000
0000
0000
0000
0CC0
0CC0
0000
0000
0000
00E0
0070
0030
0030
FFF0
FFE0
0000
0000
0000
0000
0000
0000
0000
0000
ENDCHAR
STARTCHAR U+FE99
ENCODING 65177
SWIDTH 500 0
DWIDTH 12 0
BBX 12 24 0 0
BITMAP 
0000
0000
0600
0400
0000
18C0
18C0
0000
0000
0000
00E0
1870
3830
7030
7FF0
3FE0
0000
0000
0000
0000
0000
0000
0000
0000
ENDCHAR
STARTCHAR U+FE9B
ENCODING 65179
SWIDTH 500 0
DWIDTH 12 0
BBX 12 24 0 0
BITMAP 
0000
0000
0C00
0C00
0000
30C0
30C0
0000
0000
0000
00E0
0070
0030
0030
FFF0
FFE0
0000
0000
0000
0000
0000
0000
0000
0000
ENDCHAR
STARTCHAR U+FE9D
ENCODING 65181
SWIDTH 500 0
DWIDTH 12 0
BBX 12 24 0 0
BITMAP 
0000
0000
0000
0000
0000
0000
0000
0000
0000
0000
0000
0000
3FF0
3FF0
0E00
1E00
3800
3000
3180
3180
3800
1C30
0FF0
07E0
ENDCHAR
STARTCHAR U+FE9F
ENCODING 65183
SWIDTH 500 0
DWIDTH 12 0
BBX 12 24 0 0
BITMAP 
0000
0000
0000
0000
0000
0000
0000
0000
0F00
1F80
01C0
00F0
0070
FFF0
FFF0
0000
0000
0000
0600
0600
0000
0000
0000
0000
ENDCHAR
STARTCHAR U+FEA1
ENCODING 65185
SWIDTH 500 0
DWIDTH 12 0
BBX 12 24 0 0
BITMAP 
0000
0000
0000
0000
0000
0000
0000
0000
0000
0000
0000
0000
3FF0
3FF0
0E00
1E00
3800
3000
3000
3000
3800
1C30
0FF0
07E0
ENDCHAR
STARTCHAR U+FEA3
ENCODING 65187
SWIDTH 500 0
DWIDTH 12 0
BBX 12 24 0 0
BITMAP 
0000
0000
0000
0000
0000
0000
0000
0000
1F00
3F80
1380
01F0
00F0
0070
FFF0
FFF0
0000
0000
0000
0000
0000
0000
0000
0000
ENDCHAR
STARTCHAR U+FEA5
ENCODING 65189
SWIDTH 500 0
DWIDTH 12 0
BBX 12 24 0 0
BITMAP 
0000
0000
0000
0000
0000
0000
0000
0000
0600
0200
0000
0000
3FF0
3FF0
0E00
0E00
3C00
3800
3000
3000
3800
3C30
0FF0
07E0
ENDCHAR
STARTCHAR U+FEA7
ENCODING 65191
SWIDTH 500 0
DWIDTH 12 0
BBX 12 24 0 0
BITMAP 
0000
0000
0000
0000
0C00
0C00
0000
0000
0000
0000
3F00
3F80
01F0
00F0
FFF0
FFF0
0000
0000
0000
0000
0000
0000
0000
0000
ENDCHAR
STARTCHAR U+FEA9
ENCODING 65193
SWIDTH 500 0
DWIDTH 12 0
BBX 12 24 0 0
BITMAP 
0000
0000
0000
0000
0000
0000
00C0
00C0
00E0
0070
0030
0030
0C30
0C30
0FF0
0FE0
0000
0000
0000
0000
0000
0000
0000
0000
ENDCHAR
STARTCHAR U+FEAB
ENCODING 65195
SWIDTH 500 0
DWIDTH 12 0
BBX 12 24 0 0
BITMAP 
0000
0000
0600
0600
0000
0000
00C0
00C0
00E0
0070
0030
0030
0C30
0C30
0FF0
0FE0
0000
0000
0000
0000
0000
0000
0000
0000
ENDCHAR
STARTCHAR U+FEAD
ENCODING 65197
SWIDTH 500 0
DWIDTH 12 0
BBX 12 24 0 0
BITMAP 
0000
0000
0000
0000
0000
0000
0000
0000
0000
0000
0060
0070
0030
0030
0030
0030
0030
0070
00E0
19C0
1F80
0F00
0000
0000
ENDCHAR
STARTCHAR U+FEAF
ENCODING 65199
SWIDTH 500 0
DWIDTH 12 0
BBX 12 24 0 0
BITMAP 
0000
0000
0000
0000
0000
0000
0300
0300
0000
0000
0000
0060
0070
0030
0030
0030
0030
0070
00E0
19C0
1F80
0F00
0000
0000
ENDCHAR
STARTCHAR U+FEB1
ENCODING 65201
SWIDTH 500 0
DWIDTH 12 0
BBX 12 24 0 0
BITMAP 
0000
0000
0000
0000
0000
0000
0000
0000
0000
0030
0030
0930
19B0
19B0
19F0
1DF0
DFC0
CF80
CF00
C600
CE00
EC00
7C00
3800
ENDCHAR
STARTCHAR U+FEB3
ENCODING 65203
SWIDTH 500 0
DWIDTH 12 0
BBX 12 24 0 0
BITMAP 
0000
0000
0000
0000
0000
0000
0000
0000
0000
0030
0030
19B0
19B0
19F0
FFF0
FFE0
0000
0000
0000
0000
0000
0000
0000
0000
ENDCHAR
STARTCHAR U+FEB5
ENCODING 65205
SWIDTH 500 0
DWIDTH 12 0
BBX 12 24 0 0
BITMAP 
0000
0000
0000
0600
0600
0000
0840
1860
0000
0000
0000
0000
0030
0930
19B0
19B0
19F0
DFE0
DF80
CF00
C600
CC00
FC00
7800
ENDCHAR
STARTCHAR U+FEB7
ENCODING 65207
SWIDTH 500 0
DWIDTH 12 0
BBX 12 24 0 0
BITMAP 
0000
0000
0000
0600
0600
0000
0840
1840
0000
0010
0030
09B0
19B0
19B0
FFF0
FFE0
0000
0000
0000
0000
0000
0000
0000
0000
ENDCHAR
STARTCHAR U+FEB9
ENCODING 65209
SWIDTH 500 0
DWIDTH 12 0
BBX 12 24 0 0
BITMAP 
0000
0000
0000
0000
0000
0000
0000
0000
01C0
03E0
03F0
0F30
1F30
0770
C7E0
C7C0
C600
C600
C600
C600
C600
EE00
7C00
3800
ENDCHAR
STARTCHAR U+FEBB
ENCODING 65211
SWIDTH 500 0
DWIDTH 12 0
BBX 12 24 0 0
BITMAP 
0000
0000
0000
0000
0000
0000
0000
0000
0000
01E0
03E0
0370
2730
7630
6670
EF60
FFE0
FFC0
0000
0000
0000
0000
0000
0000
ENDCHAR
STARTCHAR U+FEBD
ENCODING 65213
SWIDTH 500 0
DWIDTH 12 0
BBX 12 24 0 0
BITMAP 
0000
0000
0000
0000
0180
0180
0000
0000
0000
0000
0000
01E0
03E0
0F70
1F30
87F0
C7E0
C600
C600
C600
C600
EE00
7C00
3800
ENDCHAR
STARTCHAR U+FEBF
ENCODING 65215
SWIDTH 500 0
DWIDTH 12 0
BBX 12 24 0 0
BITMAP 
0000
0000
0000
0000
0180
0180
0000
0000
0000
0000
0000
01C0
03E0
0370
7730
6670
FFE0
FFC0
0000
0000
0000
0000
0000
0000
ENDCHAR
STARTCHAR U+FEC1
ENCODING 65217
SWIDTH 500 0
DWIDTH 12 0
BBX 12 24 0 0
BITMAP 
0000
0000
3000
3000
3000
3000
3000
3000
3000
33C0
37E0
3E70
3C30
3070
FFF0
FFC0
0000
0000
0000
0000
0000
0000
0000
0000
ENDCHAR
STARTCHAR U+FEC5
ENCODING 65221
SWIDTH 500 0
DWIDTH 12 0
BBX 12 24 0 0
BITMAP 
0000
0000
3000
3000
30C0
3040
3000
3000
3000
33C0
37E0
3E70
3C30
3070
FFF0
FFC0
0000
0000
0000
0000
0000
0000
0000
0000
ENDCHAR
STARTCHAR U+FEC9
ENCODING 65225
SWIDTH 500 0
DWIDTH 12 0
BBX 12 24 0 0
BITMAP 
0000
0000
0000
0000
0000
0000
0780
0FC0
0CC0
0C60
0C00
0C00
0FC0
07E0
0C00
1C00
3800
3000
3000
3000
3030
3830
1FF0
1FE0
ENDCHAR
STARTCHAR U+FECA
ENCODING 65226
SWIDTH 500 0
DWIDTH 12 0
BBX 12 24 0 0
BITMAP 
0000
0000
0000
0000
0000
0000
0000
0000
0000
1E00
1E00
1E00
1E00
0FF0
0FF0
1C00
3800
3000
3000
3000
3060
30E0
3FC0
1FC0
ENDCHAR
STARTCHAR U+FECB
ENCODING 65227
SWIDTH 500 0
DWIDTH 12 0
BBX 12 24 0 0
BITMAP 
0000
0000
0000
0000
0000
0000
0000
0000
0700
0F80
1DC0
18C0
1800
1800
FFE0
FFE0
0000
0000
0000
0000
0000
0000
0000
0000
ENDCHAR
STARTCHAR U+FECC
ENCODING 65228
SWIDTH 500 0
DWIDTH 12 0
BBX 12 24 0 0
BITMAP 
0000
0000
0000
0000
0000
0000
0000
0000
0F00
0F00
0F00
0F00
0700
0700
FFF0
FDF0
0000
0000
0000
0000
0000
0000
0000
0000
ENDCHAR
STARTCHAR U+FECD
ENCODING 65229
SWIDTH 500 0
DWIDTH 12 0
BBX 12 24 0 0
BITMAP 
0000
0000
0180
0180
0000
0000
0000
0300
0780
0FC0
0CE0
0C00
0C00
0FC0
0FE0
1C00
1800
3800
3000
3000
3010
3030
3FF0
1FE0
ENDCHAR
STARTCHAR U+FECE
ENCODING 65230
SWIDTH 500 0
DWIDTH 12 0
BBX 12 24 0 0
BITMAP 
0000
0000
0000
0000
0000
0600
0400
0000
0000
0000
1C00
1E00
1E00
1E00
0FF0
1FF0
1800
3800
3000
3000
3000
3060
3FE0
1FC0
ENDCHAR
STARTCHAR U+FECF
ENCODING 65231
SWIDTH 500 0
DWIDTH 12 0
BBX 12 24 0 0
BITMAP 
0000
0000
0000
0000
0300
0300
0000
0000
0000
0700
0F80
1DC0
18C0
1800
FFE0
FFE0
0000
0000
0000
0000
0000
0000
0000
0000
ENDCHAR
STARTCHAR U+FED0
ENCODING 65232
SWIDTH 500 0
DWIDTH 12 0
BBX 12 24 0 0
BITMAP 
0000
0000
0000
0000
0300
0300
0000
0000
0000
0700
0F00
0F00
0700
0700
FFF0
FFF0
0000
0000
0000
0000
0000
0000
0000
0000
ENDCHAR
STARTCHAR U+FED1
ENCODING 65233
SWIDTH 500 0
DWIDTH 12 0
BBX 12 24 0 0
BITMAP 
0000
0000
0100
0100
0000
0070
00F0
01F0
01B0
01F0
00F0
6030
6030
7030
7FF0
1FE0
0000
0000
0000
0000
0000
0000
0000
0000
ENDCHAR
STARTCHAR U+FED3
ENCODING 65235
SWIDTH 500 0
DWIDTH 12 0
BBX 12 24 0 0
BITMAP 
0000
0000
0300
0300
0000
0000
0000
0FC0
0FE0
0E70
0E30
0730
03F0
00F0
FFF0
FFC0
0000
0000
0000
0000
0000
0000
0000
0000
ENDCHAR
STARTCHAR U+FED5
ENCODING 65237
SWIDTH 500 0
DWIDTH 12 0
BBX 12 24 0 0
BITMAP 
0000
0000
0000
0000
0000
0000
0860
0840
0000
0000
0000
07E0
07F0
0730
03B0
03B0
09F0
1CF0
3870
3070
30E0
3FC0
1F80
0000
ENDCHAR
STARTCHAR U+FED7
ENCODING 65239
SWIDTH 500 0
DWIDTH 12 0
BBX 12 24 0 0
BITMAP 
0000
0000
30C0
30C0
0000
0000
0000
0FC0
0FE0
0E70
0E30
0730
03F0
00F0
FFF0
FFC0
0000
0000
0000
0000
0000
0000
0000
0000
ENDCHAR
STARTCHAR U+FED9
ENCODING 65241
SWIDTH 500 0
DWIDTH 12 0
BBX 12 24 0 0
BITMAP 
0000
0000
0030
0030
01B0
03B0
0730
03B0
01B0
0830
1830
3830
3030
3030
3FF0
1FE0
0000
0000
0000
0000
0000
0000
0000
0000
ENDCHAR
STARTCHAR U+FEDB
ENCODING 65243
SWIDTH 500 0
DWIDTH 12 0
BBX 12 24 0 0
BITMAP 
0000
0000
00C0
01C0
03C0
0380
0700
0E00
1C00
3800
3800
1FE0
0FF0
0030
FFF0
FFF0
0000
0000
0000
0000
0000
0000
0000
0000
ENDCHAR
STARTCHAR U+FEDD
ENCODING 65245
SWIDTH 500 0
DWIDTH 12 0
BBX 12 24 0 0
BITMAP 
0000
0000
0030
0030
0030
0030
0030
0030
0030
0030
0030
0030
0030
1830
1830
3830
3030
3030
3070
3060
3FE0
1FE0
0000
0000
ENDCHAR
STARTCHAR U+FEDF
ENCODING 65247
SWIDTH 500 0
DWIDTH 12 0
BBX 12 24 0 0
BITMAP 
0000
0000
0030
0030
0030
0030
0030
0030
0030
0030
0030
0030
0030
0070
FFF0
FFC0
0000
0000
0000
0000
0000
0000
0000
0000
ENDCHAR
STARTCHAR U+FEE1
ENCODING 65249
SWIDTH 500 0
DWIDTH 12 0
BBX 12 24 0 0
BITMAP 
0000
0000
0000
0000
0000
0000
0000
0000
0000
07C0
07E0
00F0
00F0
07F0
0FF0
1C00
1800
1800
1800
1800
1800
1800
1800
1800
ENDCHAR
STARTCHAR U+FEE3
ENCODING 65251
SWIDTH 500 0
DWIDTH 12 0
BBX 12 24 0 0
BITMAP 
0000
0000
0000
0000
0000
0000
0000
0000
0000
0000
0180
03C0
03E0
0E70
1E30
FDF0
F9F0
0000
0000
0000
0000
0000
0000
0000
ENDCHAR
STARTCHAR U+FEE5
ENCODING 65253
SWIDTH 500 0
DWIDTH 12 0
BBX 12 24 0 0
BITMAP 
0000
0000
0000
0000
0000
0000
0600
0400
0000
0000
0000
00C0
0070
3830
7030
6030
6030
6070
60E0
7FC0
3F80
0000
0000
0000
ENDCHAR
STARTCHAR U+FEE7
ENCODING 65255
SWIDTH 500 0
DWIDTH 12 0
BBX 12 24 0 0
BITMAP 
0000
0000
0000
0000
0000
0300
0300
0000
0000
0000
00E0
0070
0030
0030
FFF0
FFE0
0000
0000
0000
0000
0000
0000
0000
0000
ENDCHAR
STARTCHAR U+FEE9
ENCODING 65257
SWIDTH 500 0
DWIDTH 12 0
BBX 12 24 0 0
BITMAP 
0000
0000
0000
0000
0000
0000
0000
0000
0180
01C0
03E0
0770
0630
0630
07F0
07F0
0000
0000
0000
0000
0000
0000
0000
0000
ENDCHAR
STARTCHAR U+FEEB
ENCODING 65259
SWIDTH 500 0
DWIDTH 12 0
BBX 12 24 0 0
BITMAP 
0000
0000
0000
0000
0000
0600
0600
0300
0380
1FC0
1FE0
1B60
1F60
3FE0
FFE0
FEE0
0000
0000
0000
0000
0000
0000
0000
0000
ENDCHAR
STARTCHAR U+FEEC
ENCODING 65260
SWIDTH 500 0
DWIDTH 12 0
BBX 12 24 0 0
BITMAP 
0000
0000
0000
0000
0000
0000
0000
0000
0380
0780
0780
0D80
0D80
0D80
0FC0
FFF0
FFF0
0D80
0F80
0780
0380
0000
0000
0000
ENDCHAR
STARTCHAR U+FEED
ENCODING 65261
SWIDTH 500 0
DWIDTH 12 0
BBX 12 24 0 0
BITMAP 
0000
0000
0000
0000
0000
0000
0000
0000
0000
01E0
03F0
0330
0330
0330
03F0
03F0
0030
0070
00E0
19C0
1F80
0F00
0000
0000
ENDCHAR
STARTCHAR U+FEEF
ENCODING 65263
SWIDTH 500 0
DWIDTH 12 0
BBX 12 24 0 0
BITMAP 
0000
0000
0000
0000
0000
0000
00C0
01C0
63E0
6360
6300
6380
61C0
60E0
6060
6060
6060
7FE0
3FC0
0000
0000
0000
0000
0000
ENDCHAR
STARTCHAR U+FEF0
ENCODING 65264
SWIDTH 500 0
DWIDTH 12 0
BBX 12 24 0 0
BITMAP 
0000
0000
0000
0000
0000
0000
0000
0000
0000
0000
6070
60F0
60C0
61C0
61C0
60E0
6060
6060
60E0
70C0
3FC0
1F80
0000
0000
ENDCHAR
STARTCHAR U+FEF1
ENCODING 65265
SWIDTH 500 0
DWIDTH 12 0
BBX 12 24 0 0
BITMAP 
0000
0000
0000
0000
0000
0000
0080
01C0
63E0
6360
6300
6300
6380
61C0
60E0
6060
70E0
3FC0
1F80
0000
0000
1300
1300
0000
ENDCHAR
STARTCHAR U+FEF2
ENCODING 65266
SWIDTH 500 0
DWIDTH 12 0
BBX 12 24 0 0
BITMAP 
0000
0000
0000
0000
0000
0000
0000
0000
0000
4070
60F0
60C0
61C0
61C0
60C0
60E0
70C0
3FC0
1F80
0000
0000
0000
1200
1200
ENDCHAR
STARTCHAR U+FEF3
ENCODING 65267
SWIDTH 500 0
DWIDTH 12 0
BBX 12 24 0 0
BITMAP 
0000
0000
0000
0000
0000
0000
0000
0000
0000
00C0
00C0
00C0
00E0
0070
40F0
FFE0
7F80
0000
0CC0
0CC0
0000
0000
0000
0000
ENDCHAR
STARTCHAR U+FEF5
ENCODING 65269
SWIDTH 500 0
DWIDTH 12 0
BBX 12 24 0 0
BITMAP 
0300
3F20
7E60
E460
C060
1860
1C60
0E60
0760
03E0
01C0
03C0
07C0
07C0
07C0
07C0
0000
0000
0000
0000
0000
0000
0000
0000
ENDCHAR
STARTCHAR U+FEF6
ENCODING 65270
SWIDTH 500 0
DWIDTH 12 0
BBX 12 24 0 0
BITMAP 
0300
3F40
7E60
E060
C060
1860
1C60
0E60
0760
03E0
03E0
03E0
0760
0E70
3C70
7800
0000
0000
0000
0000
0000
0000
0000
0000
ENDCHAR
STARTCHAR U+FEF7
ENCODING 65271
SWIDTH 500 0
DWIDTH 12 0
BBX 12 24 0 0
BITMAP 
3C00
7C20
7060
3C60
3C60
7060
6460
0E60
0760
03E0
01C0
03C0
07C0
0FC0
0FC0
0FC0
0000
0000
0000
0000
0000
0000
0000
0000
ENDCHAR
STARTCHAR U+FEF8
ENCODING 65272
SWIDTH 500 0
DWIDTH 12 0
BBX 12 24 0 0
BITMAP 
3C00
7C40
7060
7C60
3C60
7060
4C60
0E60
0760
03E0
03E0
03E0
0760
0E70
7C70
7800
0000
0000
0000
0000
0000
0000
0000
0000
ENDCHAR
STARTCHAR U+FEFB
ENCODING 65275
SWIDTH 500 0
DWIDTH 12 0
BBX 12 24 0 0
BITMAP 
0000
0000
0060
0060
0060
3060
3860
1C60
0F60
07E0
03C0
03C0
07C0
0F80
0F80
0F80
0000
0000
0000
0000
0000
0000
0000
0000
ENDCHAR
STARTCHAR U+FEFC
ENCODING 65276
SWIDTH 500 0
DWIDTH 12 0
BBX 12 24 0 0
BITMAP 
0000
0000
0060
0060
0060
3060
1C60
1E60
0E60
07E0
03E0
03E0
0760
0E70
7C70
7800
0000
0000
0000
0000
0000
0000
0000
0000
ENDCHAR
STARTCHAR U+FF61
ENCODING 65377
SWIDTH 500 0
DWIDTH 12 0
BBX 12 24 0 0
BITMAP 
0000
0000
0000
0000
0000
0000
0000
0000
0000
0000
0000
0000
0000
0000
1C00
3E00
7700
6300
7700
3E00
1C00
0000
0000
0000
ENDCHAR
STARTCHAR U+FF62
ENCODING 65378
SWIDTH 500 0
DWIDTH 12 0
BBX 12 24 0 0
BITMAP 
3F80
3F80
3000
3000
3000
3000
3000
3000
3000
3000
3000
3000
3000
3000
3000
3000
3000
0000
0000
0000
0000
0000
0000
0000
ENDCHAR
STARTCHAR U+FF63
ENCODING 65379
SWIDTH 500 0
DWIDTH 12 0
BBX 12 24 0 0
BITMAP 
0000
0000
0000
0000
0000
0300
0300
0300
0300
0300
0300
0300
0300
0300
0300
0300
0300
0300
0300
0300
7F00
7F00
0000
0000
ENDCHAR
STARTCHAR U+FF64
ENCODING 65380
SWIDTH 500 0
DWIDTH 12 0
BBX 12 24 0 0
BITMAP 
0000
0000
0000
0000
0000
0000
0000
0000
0000
0000
0000
0000
0000
0000
3000
3000
3000
3800
1C00
0E00
0E00
0000
0000
0000
ENDCHAR
STARTCHAR U+FF65
ENCODING 65381
SWIDTH 500 0
DWIDTH 12 0
BBX 12 24 0 0
BITMAP 
0000
0000
0000
0000
0000
0000
0000
0000
0000
0000
1C00
1C00
1C00
1C00
0000
0000
0000
0000
0000
0000
0000
0000
0000
0000
ENDCHAR
STARTCHAR U+FF66
ENCODING 65382
SWIDTH 500 0
DWIDTH 12 0
BBX 12 24 0 0
BITMAP 
0000
7FC0
7FC0
00C0
00C0
00C0
00C0
00C0
00C0
7FC0
7FC0
00C0
00C0
01C0
0380
0700
0600
0E00
1C00
3800
3000
0000
0000
0000
ENDCHAR
STARTCHAR U+FF67
ENCODING 65383
SWIDTH 500 0
DWIDTH 12 0
BBX 12 24 0 0
BITMAP 
0000
0000
0000
0000
0000
0000
FFC0
FFC0
00C0
00C0
18C0
19C0
1980
1900
1800
1800
1800
1800
1800
3800
3000
0000
0000
0000
ENDCHAR
STARTCHAR U+FF68
ENCODING 65384
SWIDTH 500 0
DWIDTH 12 0
BBX 12 24 0 0
BITMAP 
0000
0000
0000
0000
0000
0180
0180
0380
0700
0E00
0C00
1C00
3C00
FC00
EC00
0C00
0C00
0C00
0C00
0C00
0C00
0000
0000
0000
ENDCHAR
STARTCHAR U+FF69
ENCODING 65385
SWIDTH 500 0
DWIDTH 12 0
BBX 12 24 0 0
BITMAP 
0000
0000
0000
0000
0000
1800
1800
1800
FFC0
FFC0
C0C0
C0C0
C0C0
00C0
01C0
0380
0700
0E00
1C00
3800
3000
0000
0000
0000
ENDCHAR
STARTCHAR U+FF6A
ENCODING 65386
SWIDTH 500 0
DWIDTH 12 0
BBX 12 24 0 0
BITMAP 
0000
0000
0000
0000
0000
0000
0000
FF80
FF00
1800
1800
1800
1800
1800
1800
1800
1800
1800
FFC0
FFC0
0000
0000
0000
0000
ENDCHAR
STARTCHAR U+FF6B
ENCODING 65387
SWIDTH 500 0
DWIDTH 12 0
BBX 12 24 0 0
BITMAP 
0000
0000
0000
0000
0000
0600
0600
0600
0600
0600
FFC0
FFC0
1E00
3E00
3600
6600
E600
C600
0600
0E00
1E00
0000
0000
0000
ENDCHAR
STARTCHAR U+FF6C
ENCODING 65388
SWIDTH 500 0
DWIDTH 12 0
BBX 12 24 0 0
BITMAP 
0000
0000
0000
0000
0000
3000
3040
30C0
39C0
1BC0
1FC0
3EC0
7CC0
EC00
CE00
0600
0600
0700
0300
0300
0180
0000
0000
0000
ENDCHAR
STARTCHAR U+FF6D
ENCODING 65389
SWIDTH 500 0
DWIDTH 12 0
BBX 12 24 0 0
BITMAP 
0000
0000
0000
0000
0000
0000
0000
3E00
3E00
0600
0600
0600
0600
0600
0600
0600
0600
0600
FFC0
FFC0
0000
0000
0000
0000
ENDCHAR
STARTCHAR U+FF6E
ENCODING 65390
SWIDTH 500 0
DWIDTH 12 0
BBX 12 24 0 0
BITMAP 
0000
0000
0000
0000
0000
0000
7F80
7F80
0180
0180
0180
0180
7F80
7F80
0180
0180
0180
0180
7F80
7F80
0000
0000
0000
0000
ENDCHAR
STARTCHAR U+FF6F
ENCODING 65391
SWIDTH 500 0
DWIDTH 12 0
BBX 12 24 0 0
BITMAP 
0000
0000
0000
0000
0000
0000
0C00
0C00
6CC0
6EC0
66C0
70C0
30C0
01C0
0380
0300
0700
0E00
1C00
1800
3800
0000
0000
0000
ENDCHAR
STARTCHAR U+FF70
ENCODING 65392
SWIDTH 500 0
DWIDTH 12 0
BBX 12 24 0 0
BITMAP 
0000
0000
0000
0000
0000
0000
0000
0000
0000
0000
FFC0
FFC0
0000
0000
0000
0000
0000
0000
0000
0000
0000
0000
0000
0000
ENDCHAR
STARTCHAR U+FF71
ENCODING 65393
SWIDTH 500 0
DWIDTH 12 0
BBX 12 24 0 0
BITMAP 
0000
FFC0
FFC0
00C0
00C0
18C0
19C0
1980
1980
1980
1800
1800
1800
1800
1800
1800
3000
7000
6000
E000
C000
0000
0000
0000
ENDCHAR
STARTCHAR U+FF72
ENCODING 65394
SWIDTH 500 0
DWIDTH 12 0
BBX 12 24 0 0
BITMAP 
0080
0180
0380
0300
0700
0600
0E00
0C00
1E00
1E00
3E00
7600
E600
C600
0600
0600
0600
0600
0600
0600
0600
0000
0000
0000
ENDCHAR
STARTCHAR U+FF73
ENCODING 65395
SWIDTH 500 0
DWIDTH 12 0
BBX 12 24 0 0
BITMAP 
1800
1800
1800
1800
1800
FFC0
FFC0
C0C0
C0C0
C0C0
C0C0
80C0
00C0
01C0
0380
0700
0600
0E00
1C00
3800
3000
0000
0000
0000
ENDCHAR
STARTCHAR U+FF74
ENCODING 65396
SWIDTH 500 0
DWIDTH 12 0
BBX 12 24 0 0
BITMAP 
0000
0000
0000
7F80
7F80
1C00
1800
1800
1800
1800
1800
1800
1800
1800
1800
1800
1800
1C00
FFC0
FFC0
0000
0000
0000
0000
ENDCHAR
STARTCHAR U+FF75
ENCODING 65397
SWIDTH 500 0
DWIDTH 12 0
BBX 12 24 0 0
BITMAP 
0600
0600
0600
0600
0600
FFC0
FFC0
0600
0E00
1E00
0E00
1E00
3E00
3E00
7600
E600
C600
8600
3E00
1E00
1E00
0000
0000
0000
ENDCHAR
STARTCHAR U+FF76
ENCODING 65398
SWIDTH 500 0
DWIDTH 12 0
BBX 12 24 0 0
BITMAP 
1800
1800
1800
1800
1800
FFC0
FFC0
18C0
18C0
18C0
18C0
18C0
38C0
30C0
30C0
30C0
70C0
E0C0
C0C0
C7C0
C7C0
0000
0000
0000
ENDCHAR
STARTCHAR U+FF77
ENCODING 65399
SWIDTH 500 0
DWIDTH 12 0
BBX 12 24 0 0
BITMAP 
3000
3000
3000
3980
1F80
0F00
1E00
3C00
7800
F800
9CC0
0FC0
0F80
0E00
1E00
3E00
7600
6700
0300
0300
0300
0000
0000
0000
ENDCHAR
STARTCHAR U+FF78
ENCODING 65400
SWIDTH 500 0
DWIDTH 12 0
BBX 12 24 0 0
BITMAP 
3000
3000
3000
3000
3000
3FC0
3FC0
70C0
E0C0
C0C0
C180
0380
0300
0700
0E00
0C00
1C00
1800
3000
F000
E000
0000
0000
0000
ENDCHAR
STARTCHAR U+FF79
ENCODING 65401
SWIDTH 500 0
DWIDTH 12 0
BBX 12 24 0 0
BITMAP 
6000
6000
6000
6000
6000
7FC0
7FC0
E700
C300
C700
8600
0600
0E00
0C00
1C00
1800
1800
3000
3000
7000
6000
0000
0000
0000
ENDCHAR
STARTCHAR U+FF7A
ENCODING 65402
SWIDTH 500 0
DWIDTH 12 0
BBX 12 24 0 0
BITMAP 
0000
0000
0000
7F80
7FC0
0180
0180
0180
0180
0180
0180
0180
0180
0180
0180
0180
0180
0180
7FC0
7F80
0000
0000
0000
0000
ENDCHAR
STARTCHAR U+FF7B
ENCODING 65403
SWIDTH 500 0
DWIDTH 12 0
BBX 12 24 0 0
BITMAP 
1180
3180
3180
3180
3980
FFE0
FFE0
3B80
3980
3980
3180
3180
1180
0380
0300
0700
0E00
0C00
1C00
1800
1800
0000
0000
0000
ENDCHAR
STARTCHAR U+FF7C
ENCODING 65404
SWIDTH 500 0
DWIDTH 12 0
BBX 12 24 0 0
BITMAP 
0000
2000
3000
3000
3800
1800
C0C0
C0C0
C0C0
E0C0
71C0
01C0
0180
0380
0700
0E00
1C00
3800
7000
E000
C000
0000
0000
0000
ENDCHAR
STARTCHAR U+FF7D
ENCODING 65405
SWIDTH 500 0
DWIDTH 12 0
BBX 12 24 0 0
BITMAP 
0000
7F00
7F00
0300
0300
0700
0600
0600
0E00
0C00
0C00
1E00
1E00
1F00
1B00
3B80
3180
71C0
E0C0
C0C0
C0C0
0000
0000
0000
ENDCHAR
STARTCHAR U+FF7E
ENCODING 65406
SWIDTH 500 0
DWIDTH 12 0
BBX 12 24 0 0
BITMAP 
1000
1800
1800
1800
19C0
1FC0
1FC0
3CC0
F8C0
F8C0
99C0
1980
1980
1800
1800
1800
1800
1800
1800
1FC0
1FC0
0000
0000
0000
ENDCHAR
STARTCHAR U+FF7F
ENCODING 65407
SWIDTH 500 0
DWIDTH 12 0
BBX 12 24 0 0
BITMAP 
0000
C0C0
C0C0
C0C0
E0C0
70C0
30C0
30C0
00C0
01C0
0180
0380
0300
0700
0600
0E00
0C00
1C00
1800
3800
3000
0000
0000
0000
ENDCHAR
STARTCHAR U+FF80
ENCODING 65408
SWIDTH 500 0
DWIDTH 12 0
BBX 12 24 0 0
BITMAP 
1800
1800
1800
1800
1800
1FC0
1FC0
38C0
30C0
78C0
7CC0
CEC0
C7C0
0380
0300
0700
0E00
1C00
1800
3800
3000
0000
0000
0000
ENDCHAR
STARTCHAR U+FF81
ENCODING 65409
SWIDTH 500 0
DWIDTH 12 0
BBX 12 24 0 0
BITMAP 
0180
0380
0300
3F00
7E00
2E00
0600
0600
0E00
FFC0
FFC0
0600
0600
0E00
0C00
1C00
1800
3800
3000
7000
6000
0000
0000
0000
ENDCHAR
STARTCHAR U+FF82
ENCODING 65410
SWIDTH 500 0
DWIDTH 12 0
BBX 12 24 0 0
BITMAP 
0000
0000
0C00
0C00
6CC0
6EC0
66C0
70C0
30C0
01C0
0180
0380
0300
0600
0E00
0C00
1C00
1800
3800
7000
6000
0000
0000
0000
ENDCHAR
STARTCHAR U+FF83
ENCODING 65411
SWIDTH 500 0
DWIDTH 12 0
BBX 12 24 0 0
BITMAP 
0000
7F80
7F80
0000
0000
0000
FFC0
FFC0
0E00
0600
0600
0E00
0C00
1C00
1800
1800
1800
3800
3000
7000
6000
0000
0000
0000
ENDCHAR
STARTCHAR U+FF84
ENCODING 65412
SWIDTH 500 0
DWIDTH 12 0
BBX 12 24 0 0
BITMAP 
0000
1800
1800
1800
1800
1800
1800
1800
1C00
1E00
1F00
1B80
19C0
18C0
1800
1800
1800
1800
1800
1800
1800
0000
0000
0000
ENDCHAR
STARTCHAR U+FF85
ENCODING 65413
SWIDTH 500 0
DWIDTH 12 0
BBX 12 24 0 0
BITMAP 
0600
0600
0600
0600
0600
0E00
FFC0
FFC0
0600
0600
0E00
0C00
1C00
1800
1800
1800
1800
3800
3000
7000
6000
0000
0000
0000
ENDCHAR
STARTCHAR U+FF86
ENCODING 65414
SWIDTH 500 0
DWIDTH 12 0
BBX 12 24 0 0
BITMAP 
0000
0000
0000
3F80
3F80
0000
0000
0000
0000
0000
0000
0000
0000
0000
0000
0000
0000
0000
7FC0
7FC0
0000
0000
0000
0000
ENDCHAR
STARTCHAR U+FF87
ENCODING 65415
SWIDTH 500 0
DWIDTH 12 0
BBX 12 24 0 0
BITMAP 
0000
0000
FFC0
FFC0
00C0
00C0
00C0
C1C0
E380
7700
3E00
1E00
0E00
0C00
0C00
1C00
1800
3800
3000
3000
3000
0000
0000
0000
ENDCHAR
STARTCHAR U+FF88
ENCODING 65416
SWIDTH 500 0
DWIDTH 12 0
BBX 12 24 0 0
BITMAP 
1000
1800
1800
1800
FF80
FF80
0180
0180
0380
0700
0600
0C00
1C00
1C00
1E00
3F00
7300
E380
C1C0
00C0
00C0
0000
0000
0000
ENDCHAR
STARTCHAR U+FF89
ENCODING 65417
SWIDTH 500 0
DWIDTH 12 0
BBX 12 24 0 0
BITMAP 
0000
0100
0300
0300
0700
0600
0600
0E00
0C00
0C00
1C00
1800
1800
3800
3000
3000
3000
6000
6000
C000
C000
0000
0000
0000
ENDCHAR
STARTCHAR U+FF8A
ENCODING 65418
SWIDTH 500 0
DWIDTH 12 0
BBX 12 24 0 0
BITMAP 
0000
3300
3300
3300
3300
3380
3180
3180
3180
3180
3180
3180
71C0
60C0
60C0
60C0
60C0
E0C0
C0C0
C0C0
0000
0000
0000
0000
ENDCHAR
STARTCHAR U+FF8B
ENCODING 65419
SWIDTH 500 0
DWIDTH 12 0
BBX 12 24 0 0
BITMAP 
0000
6000
6000
6000
6000
6380
6780
6600
6E00
7C00
7800
6000
6000
6000
6000
6000
6000
7000
3800
1F80
1F80
0000
0000
0000
ENDCHAR
STARTCHAR U+FF8C
ENCODING 65420
SWIDTH 500 0
DWIDTH 12 0
BBX 12 24 0 0
BITMAP 
0000
0000
7FC0
7FC0
00C0
00C0
00C0
0180
0180
0380
0300
0300
0600
0600
0E00
0C00
1C00
1800
3800
7000
6000
0000
0000
0000
ENDCHAR
STARTCHAR U+FF8D
ENCODING 65421
SWIDTH 500 0
DWIDTH 12 0
BBX 12 24 0 0
BITMAP 
0000
0000
0000
1000
1800
1C00
3C00
3E00
3600
7700
6300
6380
E180
C180
C180
C180
0180
01C0
00C0
00C0
0000
0000
0000
0000
ENDCHAR
STARTCHAR U+FF8E
ENCODING 65422
SWIDTH 500 0
DWIDTH 12 0
BBX 12 24 0 0
BITMAP 
0800
1800
1800
1800
1800
1C00
FFC0
FFC0
1800
1800
1800
1800
7F00
7B80
79C0
D8C0
D8C0
1800
1800
3800
3800
0000
0000
0000
ENDCHAR
STARTCHAR U+FF8F
ENCODING 65423
SWIDTH 500 0
DWIDTH 12 0
BBX 12 24 0 0
BITMAP 
0000
0000
FFC0
FFC0
00C0
00C0
01C0
0380
0300
3600
3E00
1C00
1C00
1E00
0E00
0E00
0700
0300
0300
0300
0000
0000
0000
0000
ENDCHAR
STARTCHAR U+FF90
ENCODING 65424
SWIDTH 500 0
DWIDTH 12 0
BBX 12 24 0 0
BITMAP 
0000
0000
C000
F000
3C00
1F00
0780
0180
E000
F000
3800
1D00
0F80
4700
E000
7000
3800
1C00
0F00
0380
0180
0000
0000
0000
ENDCHAR
STARTCHAR U+FF91
ENCODING 65425
SWIDTH 500 0
DWIDTH 12 0
BBX 12 24 0 0
BITMAP 
0000
0800
1800
1800
1800
1800
1800
1800
3800
3300
3300
3300
3300
3180
7180
6380
7F80
7F80
F9C0
C0C0
C0C0
0000
0000
0000
ENDCHAR
STARTCHAR U+FF92
ENCODING 65426
SWIDTH 500 0
DWIDTH 12 0
BBX 12 24 0 0
BITMAP 
0000
00C0
00C0
00C0
0180
3180
3380
3300
3B00
1F00
0E00
0F00
0F80
1F80
1B80
39C0
30C0
7040
6000
E000
C000
0000
0000
0000
ENDCHAR
STARTCHAR U+FF93
ENCODING 65427
SWIDTH 500 0
DWIDTH 12 0
BBX 12 24 0 0
BITMAP 
0000
7F80
7F80
1C00
0C00
0C00
0C00
0C00
1C00
FF80
FF80
1C00
0C00
0C00
0C00
0C00
0C00
0C00
0C00
0F80
0F80
0000
0000
0000
ENDCHAR
STARTCHAR U+FF94
ENCODING 65428
SWIDTH 500 0
DWIDTH 12 0
BBX 12 24 0 0
BITMAP 
3000
3000
3040
31C0
33C0
3FC0
1EC0
38C0
F8C0
D980
9880
1C00
0C00
0E00
0600
0600
0600
0600
0600
0600
0600
0000
0000
0000
ENDCHAR
STARTCHAR U+FF95
ENCODING 65429
SWIDTH 500 0
DWIDTH 12 0
BBX 12 24 0 0
BITMAP 
0000
0000
0000
FE00
FE00
0600
0600
0600
0600
0600
0600
0600
0600
0600
0600
0600
0600
0600
FFC0
FFC0
0000
0000
0000
0000
ENDCHAR
STARTCHAR U+FF96
ENCODING 65430
SWIDTH 500 0
DWIDTH 12 0
BBX 12 24 0 0
BITMAP 
0000
0000
7F80
7FC0
0180
0180
0180
0180
0180
0180
7FC0
7F80
0180
0180
0180
0180
0180
0180
0180
7FC0
7F80
0000
0000
0000
ENDCHAR
STARTCHAR U+FF97
ENCODING 65431
SWIDTH 500 0
DWIDTH 12 0
BBX 12 24 0 0
BITMAP 
0000
7FC0
7FC0
0000
0000
0000
7FC0
7FC0
20C0
00C0
00C0
00C0
01C0
0180
0300
0700
0600
0E00
1C00
1800
3000
0000
0000
0000
ENDCHAR
STARTCHAR U+FF98
ENCODING 65432
SWIDTH 500 0
DWIDTH 12 0
BBX 12 24 0 0
BITMAP 
0000
6180
6180
6180
6180
6180
6180
6180
6180
6180
0180
0180
0300
0300
0300
0300
0700
0E00
0C00
1C00
3800
0000
0000
0000
ENDCHAR
STARTCHAR U+FF99
ENCODING 65433
SWIDTH 500 0
DWIDTH 12 0
BBX 12 24 0 0
BITMAP 
0000
0600
0600
3600
3E00
3E00
3E00
3E40
3EC0
3EC0
3EC0
3EC0
3EC0
3EC0
3FC0
7780
6780
6700
E700
C600
C600
0000
0000
0000
ENDCHAR
STARTCHAR U+FF9A
ENCODING 65434
SWIDTH 500 0
DWIDTH 12 0
BBX 12 24 0 0
BITMAP 
0000
6000
6000
6000
6000
6000
6000
6000
6000
60C0
60C0
60C0
60C0
61C0
6380
6300
6700
6E00
6C00
7C00
7800
0000
0000
0000
ENDCHAR
STARTCHAR U+FF9B
ENCODING 65435
SWIDTH 500 0
DWIDTH 12 0
BBX 12 24 0 0
BITMAP 
0000
0000
7FC0
7FC0
60C0
60C0
60C0
60C0
60C0
60C0
60C0
60C0
60C0
60C0
60C0
60C0
60C0
60C0
7FC0
7FC0
0000
0000
0000
0000
ENDCHAR
STARTCHAR U+FF9C
ENCODING 65436
SWIDTH 500 0
DWIDTH 12 0
BBX 12 24 0 0
BITMAP 
0000
7FC0
7FC0
60C0
60C0
60C0
60C0
60C0
60C0
00C0
00C0
01C0
0180
0380
0300
0700
0600
0C00
1C00
3800
3000
0000
0000
0000
ENDCHAR
STARTCHAR U+FF9D
ENCODING 65437
SWIDTH 500 0
DWIDTH 12 0
BBX 12 24 0 0
BITMAP 
0000
C000
E000
7000
3800
18C0
08C0
00C0
00C0
00C0
01C0
0180
0380
0300
0700
0E00
1C00
3800
7000
E000
C000
0000
0000
0000
ENDCHAR
STARTCHAR U+FF9E
ENCODING 65438
SWIDTH 500 0
DWIDTH 12 0
BBX 12 24 0 0
BITMAP 
4300
C300
C300
C300
C300
C300
0000
0000
0000
0000
0000
0000
0000
0000
0000
0000
0000
0000
0000
0000
0000
0000
0000
0000
ENDCHAR
STARTCHAR U+FF9F
ENCODING 65439
SWIDTH 500 0
DWIDTH 12 0
BBX 12 24 0 0
BITMAP 
1E00
3F00
3300
3F00
1E00
0000
0000
0000
0000
0000
0000
0000
0000
0000
0000
0000
0000
0000
0000
0000
0000
0000
0000
0000
ENDCHAR
ENDFONT
